line_id,character_id,movie_id,character_name,text,movie_title,persona_tag
L42427,u3681,m243,ALVY,Your girl friend's name is Ralph?,annie hall,alvy
L42425,u3681,m243,ALVY,You don't want my autograph.,annie hall,alvy
L42419,u3681,m243,ALVY,I need a large polo mallet!,annie hall,alvy
L42417,u3681,m243,ALVY,"Gimme a break, will yuh, gimme a break. Jesus Christ!",annie hall,alvy
L42415,u3681,m243,ALVY,Fellas... you know-Jesus! Come on!,annie hall,alvy
L42411,u3681,m243,ALVY,Alvy Singer. It was nice nice... Thanks very much... for everything.,annie hall,alvy
L42409,u3681,m243,ALVY,"I'm... I'm, uh, I'm Robert Redford.",annie hall,alvy
L42407,u3681,m243,ALVY,"Once in a while, you know. I mean, you know, every now-",annie hall,alvy
L42405,u3681,m243,ALVY,You wouldn't know it. It doesn't matter. What's the difference?,annie hall,alvy
L42403,u3681,m243,ALVY,"No. Yeah, once in a while. You know, like occasionally.",annie hall,alvy
L42563,u3681,m243,ALVY,"Oh, my God!  She's right! Why did I turn off Allison Portchnik? She was-she was beautiful. She was willing. She was real... intelligent.  Is it the old Groucho Marx joke? That-that I-I just don't wanna belong to any club that would have someone like me for a member?",annie hall,alvy
L42561,u3681,m243,ALVY,I-I-I-I would leave out the men's- room attendant.,annie hall,alvy
L42559,u3681,m243,ALVY,Tsch.,annie hall,alvy
L42557,u3681,m243,ALVY,"L-L-Lyndon Johns Lyndon Johnson is a politician. You know the ethics those guys have? It's like-uh, a notch underneath child molester.",annie hall,alvy
L42555,u3681,m243,ALVY,"Hey... honey, I don't know Earl Warren.",annie hall,alvy
L42553,u3681,m243,ALVY,"Well, why not?",annie hall,alvy
L42551,u3681,m243,ALVY,If they-they recovered the shells from that rifle.,annie hall,alvy
L42547,u3681,m243,ALVY,It-but it-it... doesn't make any sense. He drove past the book depository and the police said conclusively that it was an exit wound. So-how is it possible for Oswald to have fired from two angles at once? It doesn't make sense.,annie hall,alvy
L42545,u3681,m243,ALVY,"H'm, I'm sorry, I can't go through with this, because it-I can't get it off my mind, Allison... it's obsessing me!",annie hall,alvy
L42540,u3681,m243,ALVY,Yeah? Allison what?,annie hall,alvy
L42534,u3681,m243,ALVY,"that I've got to... ah... ah... They're gonna laugh at him for a couple minutes, then I gotta go out there, I gotta ... get laughs, too. How much can they laugh?  They-they they're laughed out.",annie hall,alvy
L42532,u3681,m243,ALVY,"I prefer not to, because... look, they're laughing at him. See, so what are yuh telling me-",annie hall,alvy
L42530,u3681,m243,ALVY,"No, because they're-they're laughing, so  I-I-I'd rather not. If you don't mind, I prefer-",annie hall,alvy
L42528,u3681,m243,ALVY,"No, I'm sorry, I'm not goin'- I can't... I don't wanna go on after that comedian.",annie hall,alvy
L42526,u3681,m243,ALVY,"So what are you telling me, you're putting on two comics in a row?",annie hall,alvy
L42524,u3681,m243,ALVY,"No, it can't be, because he's a comic.",annie hall,alvy
L42522,u3681,m243,ALVY,"What do you mean, next?",annie hall,alvy
L42520,u3681,m243,ALVY,Alvy... Alvy Singer. I'm a comedian.,annie hall,alvy
L42518,u3681,m243,ALVY,"Excuse... excuse me, when do I go on?",annie hall,alvy
L43642,u3681,m243,ALVY,I thought just earplugs.,annie hall,alvy
L43640,u3681,m243,ALVY,You mean they give awards for that kind o' music?,annie hall,alvy
L43638,u3681,m243,ALVY,The what?,annie hall,alvy
L43636,u3681,m243,ALVY,"Air miles, you know. I mean, you know what that does to my stomach?",annie hall,alvy
L43634,u3681,m243,ALVY,You mean that...  I-I-I-I flew three thousand miles to see you.,annie hall,alvy
L43632,u3681,m243,ALVY,"The usual, you know. Uh, tryin' t' write. I'm workin' on a play.  Jesus. So whatta yuh saying? That you're not comin' back to New York with me?",annie hall,alvy
L43630,u3681,m243,ALVY,"No.  Yes, of course I'm mad, because you love me, I know that.",annie hall,alvy
L43628,u3681,m243,ALVY,"Okay.  Check, please. Can I -can I... Can I... Can I...",annie hall,alvy
L43626,u3681,m243,ALVY,"I can't enjoy anything unless I... unless everybody is. I-you know, if one guy is starving someplace, that's... you know, I-I... it puts a crimp in my evening.  So wanna get married or what?",annie hall,alvy
L43624,u3681,m243,ALVY,"That's right, 'cause it's an important issue.",annie hall,alvy
L43622,u3681,m243,ALVY,"Hey, you didn't read ""Death in Venice"" till I bought it for yuh.",annie hall,alvy
L43620,u3681,m243,ALVY,So whatta you... You're not gonna come back to New York?,annie hall,alvy
L43618,u3681,m243,ALVY,Why? You wanna live out here all year? It's like living in Munchkin Land.,annie hall,alvy
L43616,u3681,m243,ALVY,"You see, I-I've been thinking about it and I think that we should get married.",annie hall,alvy
L43614,u3681,m243,ALVY,You look very pretty.,annie hall,alvy
L43589,u3681,m243,ALVY,Yeah.,annie hall,alvy
L43587,u3681,m243,ALVY,"You know, I-I-I don't think many couples could handle this. You know, they could just break up and remain friends.",annie hall,alvy
L43585,u3681,m243,ALVY,We can always come back together again. Because there's no-there's no problem. 'Cause... Right.,annie hall,alvy
L43583,u3681,m243,ALVY,Right. And you-and you know what the beauty part is?,annie hall,alvy
L43581,u3681,m243,ALVY,"Yeah, and I-I tru- you know, I trust her, because my-my analyst recommended her.",annie hall,alvy
L43577,u3681,m243,ALVY,"Thanks, honey.",annie hall,alvy
L43575,u3681,m243,ALVY,Remember that day?,annie hall,alvy
L43573,u3681,m243,ALVY,This is the first book that I got you.,annie hall,alvy
L43571,u3681,m243,ALVY,"This ""Denial of Death"". You remember this?",annie hall,alvy
L43569,u3681,m243,ALVY,"There's no-no question in my mind. I think we're doing the mature thing, without any doubt.",annie hall,alvy
L43567,u3681,m243,ALVY,"Oh, it sure has... You know, you wrote your name in all my books, 'cause you knew this day was gonna come.",annie hall,alvy
L43565,u3681,m243,ALVY,"Whose ""Catcher in the Rye"" is this?",annie hall,alvy
L43564,u3681,m243,ALVY,"Tsch, I know. A relationship, I think, is-is like a shark, you know? It has to constantly move forward or it dies.  And I think what we got on our hands  is a dead shark.",annie hall,alvy
L43555,u3681,m243,ALVY,"Yeah, she's got a great-lookin' fa- A pat on the androgynous side. But it's...",annie hall,alvy
L43553,u3681,m243,ALVY,"Yeah, and gradually you get old and die. You know it's important to make a little effort once in a while.",annie hall,alvy
L43551,u3681,m243,ALVY,I'm cool.,annie hall,alvy
L43539,u3681,m243,ALVY,I'm into garbage. It's my thing.,annie hall,alvy
L43532,u3681,m243,ALVY,"Yeah, this place is great.",annie hall,alvy
L43469,u3681,m243,ALVY,Christ!,annie hall,alvy
L43466,u3681,m243,ALVY,"I'm nauseous.  Oh, jesus, now I don't get to do the TV show?",annie hall,alvy
L43462,u3681,m243,ALVY,"Oh, oh, no, I can't-I can't eat this. I'm nauseous.  If you could-if you could just give me something to get me through the next two hours, you know I-I have to go out to Burbank... and give out an award on a TV show.",annie hall,alvy
L43419,u3681,m243,ALVY,It's that they don't throw their garbage away. They make it into television shows.,annie hall,alvy
L43410,u3681,m243,ALVY,Really? And what is the kick of it? Because I never...,annie hall,alvy
L43402,u3681,m243,ALVY,"...I'm thrilled. As you know, uh... uh, on my agent's advice I sold out, and I'm gonna do an appearance on TV.",annie hall,alvy
L43396,u3681,m243,ALVY,"Oh, I'm sure it's a lot of fun, 'cause the Incas did it, you know, and-and they-they-they were a million laughs.",annie hall,alvy
L43392,u3681,m243,ALVY,"Yeah, I know it's sick, but it's new. You know, you didn't say it couldn't be sick.",annie hall,alvy
L43390,u3681,m243,ALVY,"How can you say that? I mean,  who said I-I-I-I said that you, I and that girl from your acting class should sleep together in a threesome.",annie hall,alvy
L43384,u3681,m243,ALVY,You know... it's getting expensive my analyst... for her analyst. She- she's making progress and I'm not making any progress. Her progress is defeating my progress.,annie hall,alvy
L43382,u3681,m243,ALVY,"The incredible thing about it is, I'm paying for her analysis and she's making progress and I'm getting screwed.",annie hall,alvy
L43380,u3681,m243,ALVY,"I mean... I tried everything, you know, I-I-I put on soft music and my- my red light bulb, and...",annie hall,alvy
L43378,u3681,m243,ALVY,"She would not sleep with me the other night, you know, it's-",annie hall,alvy
L43376,u3681,m243,ALVY,Hardly ever. Maybe three times a week.,annie hall,alvy
L43372,u3681,m243,ALVY,"Well, we never have any laughs anymore, is the problem.",annie hall,alvy
L43369,u3681,m243,ALVY,"I'm just not... you know, I don't think I could take a mellow eve- 'cause I-I don't respond well to mellow, you know what I mean, I-I have a tendency to... if I get too mellow, I-I ripen and then rot. You know, and it's-it's not good for my...",annie hall,alvy
L43367,u3681,m243,ALVY,"What's... you... well, what's the matter, You w-wanna go to that party?",annie hall,alvy
L43356,u3681,m243,ALVY,"yes, we had, uh...",annie hall,alvy
L43354,u3681,m243,ALVY,Don't you remember we-we-we discussed that thing that we were-,annie hall,alvy
L43352,u3681,m243,ALVY,"Remember, we had that thing.",annie hall,alvy
L43327,u3681,m243,ALVY,"You were-you were sensational. I mean, I-you know, I-I told yuh that if yuh stuck to it, you would be great, and-and, you know, I-I-you- you were sensational.",annie hall,alvy
L43324,u3681,m243,ALVY,"Yeah, I know. Just-just put on the watch, and-and... that thing, and we'll just...",annie hall,alvy
L43322,u3681,m243,ALVY,Check it out.,annie hall,alvy
L43320,u3681,m243,ALVY,Here's a real present.,annie hall,alvy
L43318,u3681,m243,ALVY,Try it... it'll add years to our sex life.,annie hall,alvy
L43316,u3681,m243,ALVY,"Yeah, hey, why don't yuh try it on?",annie hall,alvy
L43314,u3681,m243,ALVY,Happy birthday.,annie hall,alvy
L43311,u3681,m243,ALVY,"Yeah, but no presents till midnight.",annie hall,alvy
L43309,u3681,m243,ALVY,"Ah? Oh, well, your birthday's not till tomorrow, honey, I hate to tell yuh.",annie hall,alvy
L43273,u3681,m243,ALVY,"Oh, look, look, there's that... that's that's my old house. That's where we used to live.",annie hall,alvy
L43263,u3681,m243,ALVY,"Hey, can yuh watch the road? Watch the --",annie hall,alvy
L43260,u3681,m243,ALVY,That'd be fun for yuh. Don't you think-,annie hall,alvy
L43258,u3681,m243,ALVY,"Tsch, why don't we get... why don't we get Rob, and the three of us'll drive into Brooklyn, you know, and we show you the old neighborhood.",annie hall,alvy
L43256,u3681,m243,ALVY,I don't know.,annie hall,alvy
L43254,u3681,m243,ALVY,"It's all right for me, it's been terrific, you know?  Better than either one of my marriages. See, 'cause... 'cause there's just something different about you. I don't know what it is, but it's great.",annie hall,alvy
L43252,u3681,m243,ALVY,"Oh, no, no, I think we're both much too mature for something like that.",annie hall,alvy
L43249,u3681,m243,ALVY,I'm sorry. I had the television set had the television-,annie hall,alvy
L43247,u3681,m243,ALVY,"Oh, I had the radio on.",annie hall,alvy
L43245,u3681,m243,ALVY,W-w-whatta you mean?,annie hall,alvy
L43243,u3681,m243,ALVY,What?,annie hall,alvy
L43241,u3681,m243,ALVY,"Oh, Jesus, really?",annie hall,alvy
L43239,u3681,m243,ALVY,"Whatta you mean, don't go? Whatta- whatta what's the matter? Whatta you expecting termites? What's the matter?",annie hall,alvy
L43237,u3681,m243,ALVY,Whatta-whatta yuh joining a minstrel show? Geez.  Don't worry!  I did it! I killed them both. What- what's the matter? Whatta you-  whatta you sad about? You- What'd you want me to do? Capture 'em and rehabilitate 'em?,annie hall,alvy
L43235,u3681,m243,ALVY,"Hey, what is this? You got black soap?",annie hall,alvy
L43233,u3681,m243,ALVY,"Honey, there's a spider in your bathroom the size of a Buick.",annie hall,alvy
L43231,u3681,m243,ALVY,"Okay, let me have this.",annie hall,alvy
L43229,u3681,m243,ALVY,snow shovel or anything or something.,annie hall,alvy
L43227,u3681,m243,ALVY,"Yep. I didn't think it was that big, but it's a major spider. You got a broom or something with a-",annie hall,alvy
L43225,u3681,m243,ALVY,"Two... Yeah. Lotta, lotta trouble. There's two of 'em.",annie hall,alvy
L43223,u3681,m243,ALVY,Very big spider.,annie hall,alvy
L43221,u3681,m243,ALVY,"Darling, darling, I've been killing spiders since I was thirty, okay?",annie hall,alvy
L43219,u3681,m243,ALVY,Is he in the bathroom?,annie hall,alvy
L43217,u3681,m243,ALVY,"Yeah, where is the spider?",annie hall,alvy
L43215,u3681,m243,ALVY,"Hey, what am I-your son? Whatta you mean? I-I came over to --",annie hall,alvy
L43213,u3681,m243,ALVY,"Well, I was in be- It's three o'clock in the morning. You, uh, you got me outta bed, I ran over here, I couldn't get a taxi cab. You said it was an emergency, and I didn't ge- I ran up the stairs. Hell - I was a lot more attractive when the evening began. Look, uh, tell- Whatta you- Are you going with a right-wing rock-and- roll star? Is that possible?",annie hall,alvy
L43211,u3681,m243,ALVY,It's wonderful. Then why don'tcha get William F. Buckley to kill the spider?,annie hall,alvy
L43209,u3681,m243,ALVY,"What is this? What are you, since when do you read the ""National Review""? What are you turning in to?",annie hall,alvy
L43207,u3681,m243,ALVY,"Oh, humdinger. When- Well, I got a wonderful idea. Why don'tcha get the guy who took you to the rock concert, we'll call him and he can come over and kill the spider. You know, it's a-",annie hall,alvy
L43205,u3681,m243,ALVY,"Oh, yeah, really?  Really?  How-how'd you like it? Was it-was it, I mean, did it... was it heavy? Did it achieve total heavy-ocity? Or was it, uh...",annie hall,alvy
L43203,u3681,m243,ALVY,"Jesus. All right, gimme a magazine. I- 'cause I'm a little tired.  You know, you, you joke with-about me, you make fun of me, but I'm prepared for anything. An emergency, a tidal wave, an earthquake. Hey, what is this? What? Did you go to a rock concert?",annie hall,alvy
L43201,u3681,m243,ALVY,"I told you a thousand times you should always keep, uh, a lotta insect spray. You never know who's gonna crawl over.",annie hall,alvy
L43199,u3681,m243,ALVY,Kill it! For Go- What's wrong with you? Don't you have a can of Raid in the house?,annie hall,alvy
L43197,u3681,m243,ALVY,Oooh.,annie hall,alvy
L43195,u3681,m243,ALVY,"That's what you got me here for at three o'clock in the morning, 'cause there's a spider in the bathroom?",annie hall,alvy
L43191,u3681,m243,ALVY,Are you okay?  What's the matter?  Are you all right? What-,annie hall,alvy
L43189,u3681,m243,ALVY,"What's- It's me, open up.",annie hall,alvy
L43140,u3681,m243,ALVY,"I'm following you and David, if you-",annie hall,alvy
L43138,u3681,m243,ALVY,David! David! I can't believe this!,annie hall,alvy
L43136,u3681,m243,ALVY,Adult education is such junk! The professors are so phony. How can you do it?,annie hall,alvy
L43133,u3681,m243,ALVY,"She said, ""Will it change my wife."" You heard that because you were there so I'm not crazy.",annie hall,alvy
L43131,u3681,m243,ALVY,"You said, ""Will it change..."" Wife. Will it change...",annie hall,alvy
L43129,u3681,m243,ALVY,"Yeah, but you said, ""Will it change my wife""!",annie hall,alvy
L43127,u3681,m243,ALVY,Will it change your wife?,annie hall,alvy
L43125,u3681,m243,ALVY,"Tsch, what'd the doctor say?",annie hall,alvy
L43123,u3681,m243,ALVY,Sinatra had gl- You never said Sinatra had glasses. So whatta you saying that I-I'm suffocating you?,annie hall,alvy
L43121,u3681,m243,ALVY,Whatta you mean? Me?,annie hall,alvy
L43119,u3681,m243,ALVY,"Well, well, sure... because he's a singer and you're a singer, you know, so it's perfect. So you're trying to suffocate yourself. It-it makes perfect sense. Uh, uh, that's a perfect analytic... kind of insight.",annie hall,alvy
L43117,u3681,m243,ALVY,Yeah?,annie hall,alvy
L43115,u3681,m243,ALVY,Sinatra?,annie hall,alvy
L43113,u3681,m243,ALVY,I whine. I-I-I sit and I whine.,annie hall,alvy
L43111,u3681,m243,ALVY,You cried? I've never once cried. Fantastic...,annie hall,alvy
L43109,u3681,m243,ALVY,"That's amazing. I-I-I... I've been goin' for fifteen years, I-you know, I don't got... nothing like that in-",annie hall,alvy
L43107,u3681,m243,ALVY,Tsch. Rea- All this happened in the first hour?,annie hall,alvy
L43105,u3681,m243,ALVY,M'hm.,annie hall,alvy
L43103,u3681,m243,ALVY,"G-go on, I'm interested.",annie hall,alvy
L43101,u3681,m243,ALVY,"Me? I'm-I'm one of the few males who suffers from that, so, so... you know.",annie hall,alvy
L43099,u3681,m243,ALVY,M'm.,annie hall,alvy
L43095,u3681,m243,ALVY,"Oh, yeah? How'd it go?",annie hall,alvy
L43092,u3681,m243,ALVY,"Well, listen, that's, a nice bi-it's a biblical name. Right? W-What does he call you? Bathsheba?",annie hall,alvy
L43090,u3681,m243,ALVY,David? You call your teacher David?,annie hall,alvy
L43088,u3681,m243,ALVY,"Next thing you know he'll find you keen and peachy, you know? Next thing you know he's got his hand on your ass!",annie hall,alvy
L43086,u3681,m243,ALVY,"""Neat""! There's that- What are you- twelve years old? That's one o' your Chippewa Falls expressions! ""He thinks I'm neat.""",annie hall,alvy
L43084,u3681,m243,ALVY,"Hey, don't knock masturbation! It's sex with someone I love.",annie hall,alvy
L43082,u3681,m243,ALVY,What's the difference? It's all mental masturbation.,annie hall,alvy
L43080,u3681,m243,ALVY,"Oh, stop it. But you were having an affair with your college professor. That jerk that teaches that incredible crap course ""Contemporary Crisis in Western Man""!",annie hall,alvy
L43078,u3681,m243,ALVY,"Yeah-well, I didn't start out spying. I-I thought I'd surprise yuh. Pick you up after school.",annie hall,alvy
L43076,u3681,m243,ALVY,Paranoid? I'm looking at you. You got your arms around another guy.,annie hall,alvy
L43074,u3681,m243,ALVY,Following is different. I was spying.,annie hall,alvy
L43072,u3681,m243,ALVY,Why? 'Cause I... was walkin' along a block behind you staring at you? That's not following!,annie hall,alvy
L43070,u3681,m243,ALVY,I didn't follow you!,annie hall,alvy
L43011,u3681,m243,ALVY,"Yeah, I know, they'll hate me immediately.  Thank you.",annie hall,alvy
L43009,u3681,m243,ALVY,You're so sure about it.,annie hall,alvy
L43006,u3681,m243,ALVY,"Well, the twelve o'clock show is completely different than the nine.",annie hall,alvy
L43004,u3681,m243,ALVY,Are yuh?,annie hall,alvy
L43002,u3681,m243,ALVY,C-c-coll- College audiences are so wonderful.,annie hall,alvy
L42993,u3681,m243,ALVY,"Hey, what is this-an interview? We're supposed to be making love.",annie hall,alvy
L42991,u3681,m243,ALVY,"so if I get a laugh from a person who's high, it doesn't count. You know-'cause they're always laughin'.",annie hall,alvy
L42989,u3681,m243,ALVY,"Well, it ruins it for me if you have grass  because, you know, I'm, like, a comedian-",annie hall,alvy
L42987,u3681,m243,ALVY,"Yeah, but that's not-that's no good. I want the whole thing.",annie hall,alvy
L42983,u3681,m243,ALVY,Is it my imagination or are you just going through the motions?,annie hall,alvy
L42981,u3681,m243,ALVY,"I don't know, but you seem sort of distant.",annie hall,alvy
L42979,u3681,m243,ALVY,Really?,annie hall,alvy
L42977,u3681,m243,ALVY,I don't know. You- It's like you're- you're removed.,annie hall,alvy
L42975,u3681,m243,ALVY,"M'm, wait, I got a great idea.  Hang in there for a second. I got a little-little artifact. A little erotic artifact, that-that I brought up from the city, which I think, uh, is gonna be perfect.  I just... there... There's a little Old New Orleans... essence. Now-now we can go about our business here and we can even develop photographs if we want to. There, now there.  M'mmm. M'mmm. Hey, is something wrong?",annie hall,alvy
L42973,u3681,m243,ALVY,"No, no, no, what... You can once, you can live without it once. Come on.",annie hall,alvy
L42971,u3681,m243,ALVY,"Oh, come, you don't need that.",annie hall,alvy
L42969,u3681,m243,ALVY,"Well, I'll give you a shot of sodium pentothal. You can sleep through it.",annie hall,alvy
L42967,u3681,m243,ALVY,"Oh, you-you have to be artificially relaxed before we can go to bed?",annie hall,alvy
L42965,u3681,m243,ALVY,"Me, no. You... I-I-you know, if I have grass or alcohol or anything I get unbearably wonderful. I get too, too wonderful for words. You know, I don't-I don't know why you have to, uh, get high every time we make love.",annie hall,alvy
L42963,u3681,m243,ALVY,"Yeah, grass, right? The illusion that it will make a white woman more like Billie Holiday.",annie hall,alvy
L42961,u3681,m243,ALVY,"No, don't be silly. What-what do we need other people for?  You know, we should-we should just turn out the lights, you know, and play hide and seek or something.",annie hall,alvy
L42959,u3681,m243,ALVY,Just don't take any course where they make you read Beowulf.,annie hall,alvy
L42957,u3681,m243,ALVY,"'Cause adult education's a wonderful thing. You meet a lotta interesting professors. You know, it's stimulating.",annie hall,alvy
L42955,u3681,m243,ALVY,"Hey, don't be ridiculous.",annie hall,alvy
L42953,u3681,m243,ALVY,"It's-it's got bad plumbing and bugs. Jesus, I'll-My accountant will write it off as a tax deduction, I'll pay for it.",annie hall,alvy
L42951,u3681,m243,ALVY,That place is four hundred dollars a month?,annie hall,alvy
L42949,u3681,m243,ALVY,"It's different 'cause you keep your own apartment.  Because you know it's there, we don't have to go to it, we don't have to deal with it, but it's like a-a-a free-floating life raft... that we know that we're not married.",annie hall,alvy
L42947,u3681,m243,ALVY,"No-what, what...? I... we live together, we sleep together, we eat together. Jesus, you don't want it to be like we're married, do yuh?",annie hall,alvy
L42945,u3681,m243,ALVY,"Ye-ah. Was it... It was yours actually, but, uh, I approved it immediately.",annie hall,alvy
L42943,u3681,m243,ALVY,How- I don't want you to live with me? How- Whose idea was it?,annie hall,alvy
L42941,u3681,m243,ALVY,"All right, granted, it has bad plumbing and bugs, but you-you say that like it's a negative thing. You know, bugs are-are-uh, entomology is a...  ...rapidly growing field.",annie hall,alvy
L42939,u3681,m243,ALVY,"Yeah, I know it's small.",annie hall,alvy
L42937,u3681,m243,ALVY,"Yeah, but you-you got a nice apartment.",annie hall,alvy
L42935,u3681,m243,ALVY,"Yeah, bu-bu-but why?",annie hall,alvy
L42933,u3681,m243,ALVY,"Whatta you mean? You're not gonna give up your own apartment, are you?",annie hall,alvy
L42931,u3681,m243,ALVY,Don't you think I do?,annie hall,alvy
L42929,u3681,m243,ALVY,"I love you.  You know I lo-ove you, I-I love you.  I-I have to invent- Of course I love you.",annie hall,alvy
L42927,u3681,m243,ALVY,"I-uh, love is, uh, is too weak a word for what...",annie hall,alvy
L42925,u3681,m243,ALVY,I know you've only known me a short while.,annie hall,alvy
L42923,u3681,m243,ALVY,That's the key question.,annie hall,alvy
L42921,u3681,m243,ALVY,You- Do you love me?,annie hall,alvy
L42919,u3681,m243,ALVY,"You know what I mean? Like the tip o'your nose, and if I stroke your teeth or your kneecaps... you get excited.",annie hall,alvy
L42917,u3681,m243,ALVY,"Uh... uh, you're-you're exceptional in bed because you got -you get pleasure in every part of your body when I touch you.",annie hall,alvy
L42915,u3681,m243,ALVY,"Unbelievably sexy. Yes, you are. Because... you know what you are? You're-you're polymorphously perverse.",annie hall,alvy
L42913,u3681,m243,ALVY,You are extremely sexy.,annie hall,alvy
L42911,u3681,m243,ALVY,And there's the winner of the Truman Capote look-alike contest.,annie hall,alvy
L42909,u3681,m243,ALVY,"No, I'm serious.  I just got my mustache wet.",annie hall,alvy
L42907,u3681,m243,ALVY,"Yeah, he's the Mafia. Linen Supply Business or Cement and Contract, you know what I mean?",annie hall,alvy
L42905,u3681,m243,ALVY,"Oh, that's hilarious. They're back from Fire Island. They're... they're sort of giving it a chance-you know what I mean?",annie hall,alvy
L42903,u3681,m243,ALVY,Look at these guys.,annie hall,alvy
L42901,u3681,m243,ALVY,"There's-there's-there's-there's Mr. When-in-the-Pink, Mr. Miami Beach, there, you know?  He's the latest! just came back from the gin-rummy farm last night. He placed third.",annie hall,alvy
L42899,u3681,m243,ALVY,"Look, look at that guy.",annie hall,alvy
L42897,u3681,m243,ALVY,"You know, and the miserable is everyone else. That's-that's all. So- so when you go through life you should be thankful that you're miserable, because that's- You're very lucky... to be...  ...to be miserable.",annie hall,alvy
L42895,u3681,m243,ALVY,I don't-don't know how they get through life. It's amazing to me.,annie hall,alvy
L42893,u3681,m243,ALVY,"And blind people, crippled...",annie hall,alvy
L42891,u3681,m243,ALVY,"...you know, they're- The-the horrible would be like, uh, I don't know, terminal cases, you know?",annie hall,alvy
L42889,u3681,m243,ALVY,Those are the two categories...,annie hall,alvy
L42887,u3681,m243,ALVY,"I've a very pessimistic view of life. You should know this about me if we're gonna go out, you know. I-I-I feel that life is-is divided up into the horrible and the miserable.",annie hall,alvy
L42885,u3681,m243,ALVY,"big subject with me, yeah.",annie hall,alvy
L42883,u3681,m243,ALVY,"Yeah, 'cause I-I'm, you know, I'm, I'm obsessed with-with, uh, with death, I think. Big-",annie hall,alvy
L42881,u3681,m243,ALVY,"I-I-I'm gonna buy you these books, I think, because I-I think you should read them. You know, instead of that cat book.",annie hall,alvy
L42879,u3681,m243,ALVY,Hey?,annie hall,alvy
L42877,u3681,m243,ALVY,"M'hm.  You're not gonna believe this, but-",annie hall,alvy
L42875,u3681,m243,ALVY,I tried to take my pants off over my head...  ...my ear.,annie hall,alvy
L42873,u3681,m243,ALVY,"No, no, I-I-i, uh, I don't use any major hallucinogenics because I took a puff like five years ago at a party and",annie hall,alvy
L42871,u3681,m243,ALVY,"No, that was the most fun I've ever had without laughing.",annie hall,alvy
L42869,u3681,m243,ALVY,Good? I was-,annie hall,alvy
L42867,u3681,m243,ALVY,Really. I mean it. I-I'll never play the piano again.,annie hall,alvy
L42865,u3681,m243,ALVY,"Yeah, I'm-I'm-I'm a wreck.",annie hall,alvy
L42861,u3681,m243,ALVY,"""There goes another novel.""  Jesus, you were great.",annie hall,alvy
L42859,u3681,m243,ALVY,As Balzac said...,annie hall,alvy
L42856,u3681,m243,ALVY,"My first... Yes, she was nice, but you know, uh, it was my fault. I was just... I was too crazy.",annie hall,alvy
L42854,u3681,m243,ALVY,Nothing that a few mega-vitamins couldn't cure.,annie hall,alvy
L42852,u3681,m243,ALVY,I'm gonna have a corned beef.,annie hall,alvy
L42851,u3681,m243,ALVY,Okay. Yeah.,annie hall,alvy
L42847,u3681,m243,ALVY,Okay?,annie hall,alvy
L42845,u3681,m243,ALVY,And we'll digest our food better.,annie hall,alvy
L42843,u3681,m243,ALVY,"And-and uh, there's gonna be all that tension. You know, we never kissed before and I'll never know when to make the right move or anything. So we'll kiss now we'll get it over with and then we'll go eat. Okay?",annie hall,alvy
L42841,u3681,m243,ALVY,"Yeah, why not, because we're just gonna go home later, right?",annie hall,alvy
L42839,u3681,m243,ALVY,Gimme a kiss.,annie hall,alvy
L42837,u3681,m243,ALVY,"Hey, listen, listen.",annie hall,alvy
L42835,u3681,m243,ALVY,It's terrific.,annie hall,alvy
L42833,u3681,m243,ALVY,Yeah!,annie hall,alvy
L42831,u3681,m243,ALVY,"No, I'm not gonna letcha. You have a great voice.",annie hall,alvy
L42829,u3681,m243,ALVY,"No, they didn't. You have a wonderful voice.",annie hall,alvy
L42827,u3681,m243,ALVY,"Oh, listen, so the audience was a tad restless.",annie hall,alvy
L42825,u3681,m243,ALVY,"you're gonna like night clubs, they're really a lotta fun.",annie hall,alvy
L42823,u3681,m243,ALVY,"That's okay, 'cause I know exactly what that's like. Listen-",annie hall,alvy
L42821,u3681,m243,ALVY,"No, so help me.",annie hall,alvy
L42819,u3681,m243,ALVY,"You're gonna sing? Do you sing? Well, no, it isn't  No kidding?  this is my first time. Oh, really? Where? I'd like to come.  Oh, no, no, no, no, no! No, I'm interested!",annie hall,alvy
L42817,u3681,m243,ALVY,"think that's, uh-",annie hall,alvy
L42815,u3681,m243,ALVY,"Yeah, I meet a lotta jerks, too.",annie hall,alvy
L42813,u3681,m243,ALVY,"Gee, boy, what do you have? You have plague?",annie hall,alvy
L42811,u3681,m243,ALVY,"Oh, you... you're very popular, I can see.",annie hall,alvy
L42809,u3681,m243,ALVY,"Oh, I'm sorry, wait a minute, I have something. Well, what about Saturday night?",annie hall,alvy
L42807,u3681,m243,ALVY,"You know, I gotta get there and begin whining soon... otherwise I- Hey... well, are you busy Friday night?",annie hall,alvy
L42797,u3681,m243,ALVY,"So, did you do shoot the photographs in there or what?",annie hall,alvy
L42795,u3681,m243,ALVY,"Oh, thank you.",annie hall,alvy
L42793,u3681,m243,ALVY,God bless.,annie hall,alvy
L42791,u3681,m243,ALVY,"Fifteen years, yeah.",annie hall,alvy
L42789,u3681,m243,ALVY,"'cause, uh, you never know what's gonna happen.",annie hall,alvy
L42787,u3681,m243,ALVY,"You know, I don't like to show my body to a man of my gender-",annie hall,alvy
L42785,u3681,m243,ALVY,"'Cause I don't like to get naked in front of another man, you know-it's, uh...",annie hall,alvy
L42783,u3681,m243,ALVY,"Me? No, no, no, 'cause I never shower in a public place.",annie hall,alvy
L42781,u3681,m243,ALVY,"No, I know, but... but, you know, I'm all perspired and everything.",annie hall,alvy
L42779,u3681,m243,ALVY,"...and... uh, yeah, uh... uh, you know, I-I-I...",annie hall,alvy
L42777,u3681,m243,ALVY,"Yeah, it's a great story, though, I mean, I... I... it really made my day. Hey, I think I should get outta here, you know, 'cause I think I'm imposing, you know...",annie hall,alvy
L42775,u3681,m243,ALVY,"Uh, narcolepsy.",annie hall,alvy
L42773,u3681,m243,ALVY,"Well, who's Sadie?",annie hall,alvy
L42771,u3681,m243,ALVY,Duane?,annie hall,alvy
L42769,u3681,m243,ALVY,"Uh, I hate to tell yuh, this is nineteen seventy-five, you know that ""neat"" went out, I would say, at the turn of the century.  Who-who are-who are those photos on the wall?",annie hall,alvy
L42767,u3681,m243,ALVY,Neat?,annie hall,alvy
L42765,u3681,m243,ALVY,"Oh, sorry.",annie hall,alvy
L42763,u3681,m243,ALVY,"Interesting poetess whose tragic suicide was misinterpreted as romantic, by the college-girl mentality.",annie hall,alvy
L42761,u3681,m243,ALVY,Sylvia Plath.,annie hall,alvy
L42759,u3681,m243,ALVY,"Yeah, uh, I'm gonna give him one more year and then I'm goin' to Lourdes.",annie hall,alvy
L42757,u3681,m243,ALVY,"Y-y-yeah, just for fifteen years.",annie hall,alvy
L42755,u3681,m243,ALVY,"Sure, I got... I got nothing, uh, nothing till my analyst's appointment.",annie hall,alvy
L42753,u3681,m243,ALVY,"No, I got time.",annie hall,alvy
L42751,u3681,m243,ALVY,"No, no, that'll be fine. I don't mind. Sure.",annie hall,alvy
L42749,u3681,m243,ALVY,I'll see yuh.,annie hall,alvy
L42747,u3681,m243,ALVY,Well... thank you again.,annie hall,alvy
L42745,u3681,m243,ALVY,"Jesus, my-my grammy... n-never gave gifts, you know. She-she was too busy getting raped by Cossacks.",annie hall,alvy
L42743,u3681,m243,ALVY,Your grammy!,annie hall,alvy
L42741,u3681,m243,ALVY,"You're jo- Whatta yuh kid- What did you do, grow up in a Norman Rockwell painting?",annie hall,alvy
L42739,u3681,m243,ALVY,Who? Grammy? Grammy Hall?,annie hall,alvy
L42737,u3681,m243,ALVY,And I love what you're wearin'.,annie hall,alvy
L42735,u3681,m243,ALVY,"You're the worst driver I've ever seen in my life... that's including any place... the worst... Europe, United... any place... Asia.",annie hall,alvy
L42733,u3681,m243,ALVY,"Well, thanks, thank you. You-you're a wonderful tennis player.",annie hall,alvy
L42731,u3681,m243,ALVY,You want your gear? Here you go.,annie hall,alvy
L42729,u3681,m243,ALVY,You want your tennis stuff?,annie hall,alvy
L42727,u3681,m243,ALVY,"That's okay, you... we-we can walk to the curb from here.",annie hall,alvy
L42724,u3681,m243,ALVY,"You keep it nice.  Can I ask you, is this-is this a sandwich?",annie hall,alvy
L42722,u3681,m243,ALVY,Nice car.,annie hall,alvy
L42720,u3681,m243,ALVY,"Yeah. I got, uh, I got a license but I have too much hostility.",annie hall,alvy
L42718,u3681,m243,ALVY,"Do I drive? Uh, no, I gotta-I gotta problem with driving.",annie hall,alvy
L42716,u3681,m243,ALVY,I'll getcha a piece.,annie hall,alvy
L42713,u3681,m243,ALVY,For yuh.,annie hall,alvy
L42711,u3681,m243,ALVY,"No, no, no, no, you just... just watch the road. I'll get it-",annie hall,alvy
L42709,u3681,m243,ALVY,"No, no thanks. Hey, don't-",annie hall,alvy
L42707,u3681,m243,ALVY,"Uh, you're driving a-",annie hall,alvy
L42705,u3681,m243,ALVY,Right!  Where?,annie hall,alvy
L42703,u3681,m243,ALVY,"I, uh... well, you're not from New York, right?",annie hall,alvy
L42701,u3681,m243,ALVY,Oh - you're an actress.,annie hall,alvy
L42699,u3681,m243,ALVY,"So, how long do you know Janet? Where do you know her from?",annie hall,alvy
L42696,u3681,m243,ALVY,So sorry.,annie hall,alvy
L42694,u3681,m243,ALVY,"Uh, well, you just said you were going downtown.",annie hall,alvy
L42692,u3681,m243,ALVY,Down- I'm-I'm goin' uptown.,annie hall,alvy
L42690,u3681,m243,ALVY,Sure. W-w-w-which way yuh goin'?,annie hall,alvy
L42688,u3681,m243,ALVY,"You have a car?  So...  I don't understand why... if you have a car, so then-then wh-why did you say ""Do you have a car?""... like you wanted a lift?",annie hall,alvy
L42686,u3681,m243,ALVY,"No, um... I was gonna take a cab.",annie hall,alvy
L42684,u3681,m243,ALVY,Uh... you-you wanna lift?,annie hall,alvy
L42682,u3681,m243,ALVY,You-you play... very well.,annie hall,alvy
L42680,u3681,m243,ALVY,"Hi. Oh, hi. Hi.",annie hall,alvy
L42618,u3681,m243,ALVY,"Well, no... not just, not only.",annie hall,alvy
L42616,u3681,m243,ALVY,"La-de-da. If I-if anyone had ever told me that I would be taking out a girl who used expressions like ""la- de-da""...",annie hall,alvy
L42614,u3681,m243,ALVY,"Yeah, I-I think you're pretty lucky I came along.",annie hall,alvy
L42605,u3681,m243,ALVY,"Hey, that was last year.",annie hall,alvy
L42591,u3681,m243,ALVY,"Well, then, w-who was?",annie hall,alvy
L42589,u3681,m243,ALVY,"So, so-well, here's what I wanna know. W-what...  Am I your first big romance?",annie hall,alvy
L42587,u3681,m243,ALVY,"All right, here! Oh, God, it's disgusting!",annie hall,alvy
L42585,u3681,m243,ALVY,All right! All right! All right! All right! Whatta yuh mean? Are yuh gonna take pictures now?,annie hall,alvy
L42583,u3681,m243,ALVY,"You know, I-I think... if I could pry this door off... We shoulda gotten steaks 'cause they don't have legs. They don't run around.",annie hall,alvy
L42581,u3681,m243,ALVY,"Annie, there's a big lobster behind the refrigerator. I can't get it out. This thing's heavy. Maybe if I put a little dish of butter sauce here with a nutcracker, it will run out the other side, you know what I mean?",annie hall,alvy
L42579,u3681,m243,ALVY,"Okay, it's in. It's definitely in the pot!",annie hall,alvy
L42577,u3681,m243,ALVY,"Gimme! Gimme! Let me do it! What- what's he think we're gonna do, take him to the movies?",annie hall,alvy
L42575,u3681,m243,ALVY,"Talk to him. You speak shellfish!  Hey, look... put it in the pot.",annie hall,alvy
L42573,u3681,m243,ALVY,"Look! Look, one crawled behind the refrigerator. It'll turn up in our bed at night.  Will you get outta here with that thing? Jesus!",annie hall,alvy
L42571,u3681,m243,ALVY,Don't give it to me. Don't!,annie hall,alvy
L42569,u3681,m243,ALVY,"If they're only babies, then you pick 'em up.",annie hall,alvy
L42567,u3681,m243,ALVY,"Well, maybe we should just call the police. Dial nine-one-one, it's the lobster squad.",annie hall,alvy
L42565,u3681,m243,ALVY,"Look, I told you it was a... mistake to ever bring a live thing in the house.",annie hall,alvy
L42512,u3681,m243,ALVY,"It's always some kind of an excuse. It's- You know, you used to think that I was very sexy. What... When we first started going out, we had sex constantly... We're-we're probably listed in the Guinness Book of World Records.",annie hall,alvy
L42510,u3681,m243,ALVY,"What-what-I don't... It's not natural! We're sleeping in a bed together. You know, it's been a long time.",annie hall,alvy
L42508,u3681,m243,ALVY,What-what-what-what's the matter?,annie hall,alvy
L42506,u3681,m243,ALVY,"Yeah, 'cause it's supposed to.",annie hall,alvy
L42504,u3681,m243,ALVY,"You? You kiddin'?  If the Gestapo would take away your Bloomingdale's charge card, you'd tell 'em everything.",annie hall,alvy
L42502,u3681,m243,ALVY,"Boy, those guys in the French Resistance were really brave, you know? Got to listen to Maurice Chevalier sing so much.",annie hall,alvy
L42482,u3681,m243,ALVY,"I-I-I mean, I'm comparatively normal for a guy raised in Brooklyn.",annie hall,alvy
L42474,u3681,m243,ALVY,"Well, he's spitting on my neck! You know, he's spitting on my neck when he talks.",annie hall,alvy
L42470,u3681,m243,ALVY,"Hey, you... everybody in line at the New Yorker has to know our rate of intercourse?",annie hall,alvy
L42468,u3681,m243,ALVY,You know what a hostile gesture that is to me?,annie hall,alvy
L42466,u3681,m243,ALVY,How can you possibly oversleep?,annie hall,alvy
L42457,u3681,m243,ALVY,I'm-I'm-I'm gonna have a stroke.,annie hall,alvy
L42454,u3681,m243,ALVY,"Well, I'm sorry, I-I can't... I-I- I've gotta see a picture exactly from the start to the finish, 'cause- 'cause I'm anal.",annie hall,alvy
L42452,u3681,m243,ALVY,I don't know now. You-you wanna go to another movie?  So let's go see The Sorrow and the Pity.,annie hall,alvy
L42450,u3681,m243,ALVY,"Hey, can we not stand here and argue in front of everybody, 'cause I get embarrassed.",annie hall,alvy
L42446,u3681,m243,ALVY,You wanna get coffee for two hours or something? We'll go next-,annie hall,alvy
L42444,u3681,m243,ALVY,"No, I'm sorry, I can't do it. We- we've blown it already. I-you know, uh, I-I can't go in in the middle.",annie hall,alvy
L42438,u3681,m243,ALVY,"Hey, you are in a bad mood. You-you- you must be getting your period.",annie hall,alvy
L42436,u3681,m243,ALVY,Deal! I'm dealing with two guys named Cheech!,annie hall,alvy
L42434,u3681,m243,ALVY,"Bad mood? I'm standing with the cast of ""The Godfather.""",annie hall,alvy
L42432,u3681,m243,ALVY,"I-i-i-i-it's all right, fellas.  Jesus, what'd you do, come by way of the Panama Canal?",annie hall,alvy
L43057,u3681,m243,ALVY,"Right. Tsch, well, I have to-I have t-o go now, Duane, because I-I'm due back on the planet earth.",annie hall,alvy
L43054,u3681,m243,ALVY,"Oh, yeah?  Terrific.",annie hall,alvy
L43052,u3681,m243,ALVY,"Oh, hi, Duane, how's it goin'?",annie hall,alvy
L42374,u3681,m243,ALVY,"Tell the folks where you are today, Donald.",annie hall,alvy
L42370,u3681,m243,ALVY,I did.,annie hall,alvy
L42368,u3681,m243,ALVY,"Why, I was just expressing a healthy sexual curiosity.",annie hall,alvy
L42366,u3681,m243,ALVY,What'd I do?,annie hall,alvy
L42657,u3681,m243,ALVY,"Well, I'm-I'm gonna take another in a series of cold showers.",annie hall,alvy
L42655,u3681,m243,ALVY,Jesus!,annie hall,alvy
L42653,u3681,m243,ALVY,Bad?,annie hall,alvy
L42651,u3681,m243,ALVY,"Oh, you got a headache!",annie hall,alvy
L42649,u3681,m243,ALVY,What-,annie hall,alvy
L42647,u3681,m243,ALVY,"Hey, come on, it's quiet now. We can- we can start again.",annie hall,alvy
L42645,u3681,m243,ALVY,"Well, I can't li- We can't have this discussion all the time. The country makes me nervous. There's... You got crickets and it-it's quiet... there's no place to walk after dinner, and... uh, there's the screens with the dead moths behind them, and... uh, yuh got the-the Manson family possibly, yuh got Dick and Terry-",annie hall,alvy
L42643,u3681,m243,ALVY,"Jesus, last night it was some guy honking his car horn. I mean, the city can't close down. You know, what-whatta yuh gonna do, h-have 'em shut down the airport, too? No more flights so we can have sex?",annie hall,alvy
L42641,u3681,m243,ALVY,Don't get upset!,annie hall,alvy
L42638,u3681,m243,ALVY,"""Why-why do you always r-reduce my animal urges to psychoanalytic categories?  he said as he removed her brassiere...""",annie hall,alvy
L42634,u3681,m243,ALVY,"What's fascinating is that it's physical. You know, it's one thing about intellectuals, they prove that you can be absolutely brilliant and have no idea what's going on. But on the other hand...  the body doesn't lie, as-as we now know.",annie hall,alvy
L42632,u3681,m243,ALVY,"Hey, you wouldn't believe this. Two minutes ago, the Knicks are ahead fourteen points, and now...  they're ahead two points.",annie hall,alvy
L42628,u3681,m243,ALVY,"Oh, really, I heard that Commentary and Dissent had merged and formed Dysentery.",annie hall,alvy
L42626,u3681,m243,ALVY,I'm so tired of spending evenings making fake insights with people who work for Dysentery.,annie hall,alvy
L42624,u3681,m243,ALVY,'Cause I wanna watch the Knicks on television.,annie hall,alvy
L42622,u3681,m243,ALVY,"Yeah, two more chairs and they got a dining-room set.",annie hall,alvy
L43188,u3681,m243,ALVY,"Uh, oh, I don't know. It might have been Leopold and Loeb.  Hello. Oh, hi... Uh, no, what-what's the matter? What-what-what? You sound terrible... No, what- Sure I- Whatta yuh what kind of an emergency?... No, well, stay there. Stay there, I'll come over right now. I'll come over right now.  Just stay there, I'll come right over.",annie hall,alvy
L43186,u3681,m243,ALVY,"I think-I think there's too much burden placed on the orgasm, you know, to make up for empty areas in life.",annie hall,alvy
L43184,u3681,m243,ALVY,"Oh, tsch, thank you. H'm.",annie hall,alvy
L43182,u3681,m243,ALVY,"Oh, no, no, don't be... tsch... don't be silly. You know,  I'm startin' it-I'm startin' to get some feeling back in my jaw now.",annie hall,alvy
L43180,u3681,m243,ALVY,"Yeah, were yuh? I was-I was at an Alice Cooper thing where six people were rushed to the hospital with bad vibes.",annie hall,alvy
L43178,u3681,m243,ALVY,I can't get with any religion that advertises in Popular Mechanics. Look-  there's God coming outta the men's room.,annie hall,alvy
L43176,u3681,m243,ALVY,Are you?,annie hall,alvy
L43174,u3681,m243,ALVY,Really? It must be a tremendous hem.,annie hall,alvy
L43172,u3681,m243,ALVY,I can think of another word.,annie hall,alvy
L43170,u3681,m243,ALVY,"Tsch, a few.",annie hall,alvy
L43168,u3681,m243,ALVY,"Me? No, no. I-I couldn't make it that ni- My-my raccoon had hepatitis.",annie hall,alvy
L43166,u3681,m243,ALVY,"Man, that's great. That's just great.",annie hall,alvy
L42496,u3681,m243,ALVY,Tell him.,annie hall,alvy
L42494,u3681,m243,ALVY,"Well, that's funny, because I happen to have Mr. McLuhan right here. So... so, here, just let me- I mean, all right. Come over here... a second.",annie hall,alvy
L42492,u3681,m243,ALVY,"Oh, do yuh?",annie hall,alvy
L42490,u3681,m243,ALVY,"I mean, d- He can give you- Do you hafta give it so loud? I mean, aren't you ashamed to pontificate like that? And- and the funny part of it is, M- Marshall McLuhan, you don't know anything about Marshall McLuhan's... work!",annie hall,alvy
L42486,u3681,m243,ALVY,What I wouldn't give for a large sock o' horse manure.,annie hall,alvy
L42484,u3681,m243,ALVY,"I never read that. That was-that was Henry James, right? Novel, uh, the sequel to Turn of the Screw? My Sexual...",annie hall,alvy
L42480,u3681,m243,ALVY,"Probably met by answering an ad in the New York Review of Books. ""Thirtyish academic wishes to meet woman who's interested in Mozart, James Joyce and sodomy.""  Whatta you mean, our sexual problem?",annie hall,alvy
L42478,u3681,m243,ALVY,"Probably on their first date, right?",annie hall,alvy
L42472,u3681,m243,ALVY,I'd like to hit this guy on a gut level.,annie hall,alvy
L42464,u3681,m243,ALVY,What are you depressed about?,annie hall,alvy
L42462,u3681,m243,ALVY,"Key word here is ""indulgent.""",annie hall,alvy
L42460,u3681,m243,ALVY,He's screaming his opinions in my ear.,annie hall,alvy
L43535,u3681,m243,ALVY,"Yeah, I love it there.",annie hall,alvy
L43530,u3681,m243,ALVY,Hey.,annie hall,alvy
L43528,u3681,m243,ALVY,Trigger.,annie hall,alvy
L43344,u3681,m243,ALVY,Thank you very much. It's a pleasure.,annie hall,alvy
L43606,u3681,m243,ALVY,Mean?,annie hall,alvy
L43604,u3681,m243,ALVY,Sixteen years ago.,annie hall,alvy
L43602,u3681,m243,ALVY,I'm not myself since I stopped smoking.,annie hall,alvy
L43651,u3681,m243,ALVY,"Since you put it that way.  It's hard for me to refuse.  ...have a, I have a terrific problem with authority, you know. I'm... it's not your fault. Don't take it personal.",annie hall,alvy
L43649,u3681,m243,ALVY,"Pick up the license. You have to ask nicely 'cause I've had an extremely rough day. You know, my girl friend-",annie hall,alvy
L43647,u3681,m243,ALVY,"Sure.  just don't-don't get angry, you know what I mean? 'Cause I-I have - I have my-my license here. You know, it's a rented car. And I've...",annie hall,alvy
L43645,u3681,m243,ALVY,"Officer, I know what you're gonna say. I'm-I'm not a great driver, you know, I-I have some problems with- with-with-",annie hall,alvy
L43658,u3681,m243,ALVY,"Max, are we driving through plutonium?",annie hall,alvy
L43656,u3681,m243,ALVY,"You're an actor, Max. You should be doing Shakespeare in the Park.",annie hall,alvy
L43654,u3681,m243,ALVY,"Yeah. I had the feeling that I got you at a bad moment. You know, I heard high-pitched squealing.",annie hall,alvy
L43515,u3681,m243,ALVY,Uri Geller must be on the premises someplace.,annie hall,alvy
L43513,u3681,m243,ALVY,"Hey, you guys are wearin' white. It must be in the stars.",annie hall,alvy
L43509,u3681,m243,ALVY,"No, no, I came out here to get some shock therapy, but there was an energy crisis, so I... He's my-my food taster. Have you two met?",annie hall,alvy
L43503,u3681,m243,ALVY,I'll handle it. I'll handle it. Hi.,annie hall,alvy
L43501,u3681,m243,ALVY,"Yeah, intensive care ward.  My God-hey, Max, I think she's... I think she's giving me the eye.",annie hall,alvy
L43498,u3681,m243,ALVY,And... uh-,annie hall,alvy
L43496,u3681,m243,ALVY,"Yeah, you're used to the kind with the- with the shopping bags walking through Central Park with the surgical masks on muttering.",annie hall,alvy
L43494,u3681,m243,ALVY,"Yeah, she's a ten, Max, and that's great for you because you're-you're used to twos, aren't you?",annie hall,alvy
L43492,u3681,m243,ALVY,V.P.L.?,annie hall,alvy
L43490,u3681,m243,ALVY,Where?,annie hall,alvy
L43488,u3681,m243,ALVY,I think he has a little thing for Annie.,annie hall,alvy
L43486,u3681,m243,ALVY,"Whee, you shoulda told me it was Tony Lacey's party.",annie hall,alvy
L43459,u3681,m243,ALVY,"Oh, Max... no, I maybe I better lie down.",annie hall,alvy
L43457,u3681,m243,ALVY,"No, no-my, you know, my stomach felt queasy all morning. I just started getting...",annie hall,alvy
L43455,u3681,m243,ALVY,"I don't know, I mean, I-",annie hall,alvy
L43453,u3681,m243,ALVY,"Oh, Jesus.",annie hall,alvy
L43451,u3681,m243,ALVY,"I don't know, I just got-I got very dizzy...  I feel dizzy, Max.",annie hall,alvy
L43443,u3681,m243,ALVY,"Great, but nobody laughs at it 'cause your jokes aren't funny.",annie hall,alvy
L43441,u3681,m243,ALVY,"Look, uh...",annie hall,alvy
L43436,u3681,m243,ALVY,"Yeah, I know; but you're adding fake laughs.",annie hall,alvy
L43434,u3681,m243,ALVY,Do you realize how immoral this all is?,annie hall,alvy
L43430,u3681,m243,ALVY,Oh.,annie hall,alvy
L43427,u3681,m243,ALVY,"There's no economic crime, you know, but there's-there's ritual, religious- cult murders, you know, there's wheat- germ killers out here.",annie hall,alvy
L43425,u3681,m243,ALVY,"Right-well, Santa Claus will have sunstroke.",annie hall,alvy
L43278,u3681,m243,ALVY,"Yeah, and always over the most ridiculous things.",annie hall,alvy
L43276,u3681,m243,ALVY,I have some very good memories there.,annie hall,alvy
L43272,u3681,m243,ALVY,"Yeah, well, I used to lose my glasses a lot.",annie hall,alvy
L43270,u3681,m243,ALVY,"Right. I was a great athlete. Tell her, Max, I was the best, I was all schoolyard.",annie hall,alvy
L43268,u3681,m243,ALVY,"Yeah, the neighborhood's gonna be great.",annie hall,alvy
L43265,u3681,m243,ALVY,You'll total the whole car.,annie hall,alvy
L42665,u3681,m243,ALVY,"Sun is bad for yuh. Everything our parents said was good is bad. Sun, milk, red meat, college...",annie hall,alvy
L42663,u3681,m243,ALVY,"Don't you see? The rest of the country looks upon New York like we're-we're left-wing Communist, Jewish, homosexual, pornographers. I think of us that way, sometimes, and I-I live here.",annie hall,alvy
L42661,u3681,m243,ALVY,But the- I'm not discussing politics or economics. This is foreskin.,annie hall,alvy
L42659,u3681,m243,ALVY,"Right, right, so g-get back to what we were discussing, the failure of the country to get behind New York City is-is anti-Semitism.",annie hall,alvy
L42401,u3681,m243,ALVY,I'm gonna meet her in front of the Beekman. I think I have a few minutes left. Right?,annie hall,alvy
L42399,u3681,m243,ALVY,"No, I cannot. You keep bringing it up, but I don't wanna live in a city where the only cultural advantage is that you can make a right turn on a red light.",annie hall,alvy
L42397,u3681,m243,ALVY,"Forget it, Max.",annie hall,alvy
L42395,u3681,m243,ALVY,Ah.,annie hall,alvy
L42393,u3681,m243,ALVY,"No, I don't! You know, I was in a record store. Listen to this- so I know there's this big tall blond crew-cutted guy and he's lookin' at me in a funny way and smiling and he's saying, ""Yes, we have a sale this week on Wagner."" Wagner, Max, Wagner- so I know what he's really tryin' to tell me very significantly Wagner.",annie hall,alvy
L42391,u3681,m243,ALVY,Stop calling me Max.,annie hall,alvy
L42389,u3681,m243,ALVY,"Wh- How am I a paran-? Well, I pick up on those kind o' things. You know, I was having lunch with some guys from NBC, so I said... uh, ""Did you eat yet or what?"" and Tom Christie said, ""No, didchoo?"" Not, did you, didchoo eat? Jew? No, not did you eat, but Jew eat? Jew. You get it? Jew eat?",annie hall,alvy
L42387,u3681,m243,ALVY,"No, I'm not. We were walking off the tennis court, and you know, he was there and me and his wife, and he looked at her and then they both looked at me, and under his breath he said, ""Jew.""",annie hall,alvy
L42385,u3681,m243,ALVY,"I distinctly heard it. He muttered under his breath, ""Jew.""",annie hall,alvy
L120770,u4331,m289,ACE,"Now, instead of the cops only lookin' at Nicky, they started looking at Green too. And he was supposed to be our squeaky...",casino,ace
L120737,u4331,m289,ACE,"It turned out Phil Green, Mr Integrity, had a partner nobody knew about... and when she showed up and started demanding some money from the Tangiers...",casino,ace
L120733,u4331,m289,ACE,...was gonna stop what came up next at the casino.,casino,ace
L120544,u4331,m289,ACE,"It's like everything else in this place. You don't do it yourself, it never gets done.",casino,ace
L120542,u4331,m289,ACE,Look at that. Look at this. There's nothin'... look how many blueberries your muffin has and how many mine has. Yours is falling apart. I have nothing.,casino,ace
L120540,u4331,m289,ACE,Look at yours.,casino,ace
L120539,u4331,m289,ACE,"Phil, I can understand. You're in the finances, you're upstairs, but you are not on the floor. I got thousands of players. I got five hundred dealers.  They're all lookin' to rob me blind, twenty-four hours a day. I have to let them know I'm watching all the details, all the time; that there is not one single thing I will not catch as I am over here.",casino,ace
L120537,u4331,m289,ACE,So what? Everybody out here with cowboy boots is a fuckin' county commissioner or related to a county commissioner. I'm fuckin' sick of it.,casino,ace
L120535,u4331,m289,ACE,"I mean, the guy is history as far as I'm concerned. History.",casino,ace
L119575,u4331,m289,ACE,...he did what he was told.,casino,ace
L121049,u4331,m289,ACE,"You know damn well I was at that dinner, and you swore to me that I would have a fair hearing at that dinner! Did you not?! Did you not?!  Well, tell me I was at least at the dinner! A-allow me that much.  Give me that much at least!",casino,ace
L121048,u4331,m289,ACE,I was in the building!,casino,ace
L121046,u4331,m289,ACE,Was I at that dinner?,casino,ace
L121040,u4331,m289,ACE,Was I at that dinner? Just tell me -,casino,ace
L121038,u4331,m289,ACE,He's lying.,casino,ace
L121036,u4331,m289,ACE,Liar.,casino,ace
L121034,u4331,m289,ACE,I never comped you?! I don't comp you at least two or three times a month at the Tangiers?!,casino,ace
L121032,u4331,m289,ACE,You were never my guest?!,casino,ace
L119696,u4331,m289,ACE,Good to see ya.  William would you...,casino,ace
L119694,u4331,m289,ACE,"Hello, Senator.",casino,ace
L121115,u4331,m289,ACE,I can't do that.,casino,ace
L121113,u4331,m289,ACE,"All right, look, if he took a break, it would just give everybody some time to maneuver. That's all I'm saying. It's all that I'm saying.",casino,ace
L121111,u4331,m289,ACE,"I don't know, he doesn't listen to me. Maybe he should...  get lost for a while. Take a vacation. Would that be so bad?",casino,ace
L121109,u4331,m289,ACE,"Know what my problem is? Every time they mention my name in the papers, these cocksuckers, they mention Nicky, too. How the fuck does that help?  I mean, the heat he brought down is murder!  We had a police department who was cooperative. He's pissed them off so much now that nobody can make a move anymore. I mean, what do you do about that?",casino,ace
L121107,u4331,m289,ACE,"Walk away? Andy, you can't be serious. How can I walk away? Don't you see what's goin' on here? Don't you see what's at stake?",casino,ace
L121105,u4331,m289,ACE,"First of all, what they did was totally unconstitutional. We're already on the list to be heard before the Supreme Court of the United States later this year.",casino,ace
L121099,u4331,m289,ACE,It's a pity in this...,casino,ace
L119589,u4331,m289,ACE,I'm serious. No interference.,casino,ace
L119587,u4331,m289,ACE,"It's a tough proposition, Andy. You, you know, if I did it, I'd have to run it my way.",casino,ace
L119585,u4331,m289,ACE,But what happens when they do find out?,casino,ace
L119572,u4331,m289,ACE,But Andy also took orders. And when he was told to give a pension fund loan to Philip Green...,casino,ace
L119570,u4331,m289,ACE,He even played golf with the President.,casino,ace
L119568,u4331,m289,ACE,A powerful man.,casino,ace
L119566,u4331,m289,ACE,"As far as the world was concerned Andy Stone, the head of the Teamsters' Pension Fund, was a legitimate guy.",casino,ace
L121879,u4331,m289,ACE,"Look, look. You can't stop her for speeding? I mean, look what the hell she's doing.",casino,ace
L121876,u4331,m289,ACE,Hey!,casino,ace
L121874,u4331,m289,ACE,Stop -,casino,ace
L121843,u4331,m289,ACE,"Okay, Randy. Thank you.",casino,ace
L121837,u4331,m289,ACE,Congratulations.,casino,ace
L121835,u4331,m289,ACE,"Oh, good.",casino,ace
L121833,u4331,m289,ACE,"Fine, fine. How's your family?",casino,ace
L121831,u4331,m289,ACE,"Yeah, I don't want her in there more than a few more minutes.",casino,ace
L121818,u4331,m289,ACE,...I will let her in the house for five minutes if you gentlemen will escort her out if she happens not to want to leave. Because I don't - I -,casino,ace
L121593,u4331,m289,ACE,"...been right, but who knows?",casino,ace
L121582,u4331,m289,ACE,The worst was Blue.,casino,ace
L121580,u4331,m289,ACE,...stupid things.,casino,ace
L119853,u4331,m289,ACE,"I mean, Frank Marino was there to meet him, but so were the cops. This time they wanted to pinch him for some diamond burglary in Antwerp.",casino,ace
L119851,u4331,m289,ACE,"Even after a little vacation, they hassled him at the airport.",casino,ace
L121279,u4331,m289,ACE,Right back.,casino,ace
L121277,u4331,m289,ACE,Right away.,casino,ace
L121275,u4331,m289,ACE,702 472 1862.,casino,ace
L121272,u4331,m289,ACE,You understand? Put her on the fuckin' phone.,casino,ace
L121268,u4331,m289,ACE,I know she's there. Don't fuck around with me.,casino,ace
L121267,u4331,m289,ACE,...listen to me very carefully. I want to talk to Ginger. I want my kid back. I want her put on a plane immediately.,casino,ace
L121266,u4331,m289,ACE,Lester...,casino,ace
L121264,u4331,m289,ACE,...Rothstein. I want to talk to Ginger. Put her on the phone.,casino,ace
L121263,u4331,m289,ACE,"Yeah, is this Lester? This is Sam...",casino,ace
L121261,u4331,m289,ACE,Hello.,casino,ace
L121248,u4331,m289,ACE,"M- Uh, Mr. and Mrs. Rothstein?",casino,ace
L120585,u4331,m289,ACE,You fuckin' piece of shit.,casino,ace
L120583,u4331,m289,ACE,"You do? Yeah? Well, if you ever come back again... ever... to take her money... next time bring a pistol. That way you got a chance. Be a man, don't be a fuckin' pimp. Now, you want to do me a favor? Get out of here. I want to be alone with my wife. Get the fuck up and get out of here.",casino,ace
L120581,u4331,m289,ACE,"She's my wife.  Look at me. You did know that, didn't you? You knew that she's my wife? Huh? Hey, look at me.",casino,ace
L119843,u4331,m289,ACE,"He was a moocher, a card cheat, a country-club golf hustler. A scumbag... chasing dentists for a few bucks.",casino,ace
L119829,u4331,m289,ACE,"But one thing I could never understand, was that she could have everything under control, except for her old pimp boyfriend, Lester Diamond.",casino,ace
L120140,u4331,m289,ACE,Well...,casino,ace
L120138,u4331,m289,ACE,"Yeah, sure I do. Why?",casino,ace
L120134,u4331,m289,ACE,"So, once she signs those papers, she'll be the only person to have total access to the box?  No one else, including myself?",casino,ace
L121657,u4331,m289,ACE,Ohhh...,casino,ace
L121655,u4331,m289,ACE,You don't know? What time did your mother do this? When did she leave?,casino,ace
L121653,u4331,m289,ACE,"When did this happen, honey?",casino,ace
L121650,u4331,m289,ACE,"I'm gonna get a knife and cut you loose, honey, I'll -",casino,ace
L121648,u4331,m289,ACE,What happened? What happened? Who did this to you?,casino,ace
L121646,u4331,m289,ACE,Wh-wh -,casino,ace
L121644,u4331,m289,ACE,"Amy! Amy, open the door!",casino,ace
L121642,u4331,m289,ACE,Hello? Hello! Ginger.,casino,ace
L121438,u4331,m289,ACE,Oh. Have a good day at school.,casino,ace
L121680,u4331,m289,ACE,"Yeah? Nicky, I want to talk to that fuckin' bitch.",casino,ace
L121678,u4331,m289,ACE,I want to just talk. I want to talk to that Irish bitch.,casino,ace
L121673,u4331,m289,ACE,I'll be right there.,casino,ace
L121671,u4331,m289,ACE,She's there with you?  She's there with you?,casino,ace
L121669,u4331,m289,ACE,...Ginger's missing and she tied Amy up and she locked her in her room. I gotta find her. I don't know where the hell she is.,casino,ace
L121665,u4331,m289,ACE,How'd you know I was here?,casino,ace
L121664,u4331,m289,ACE,"No, I'm not okay.",casino,ace
L121662,u4331,m289,ACE,Nick?,casino,ace
L121660,u4331,m289,ACE,"Yeah, uh, who's this?",casino,ace
L121337,u4331,m289,ACE,She's driving me fuckin' crazy.,casino,ace
L121335,u4331,m289,ACE,I don't know. What am I gonna do with this woman? I don't know...  She's drivin' me fuckin' crazy.,casino,ace
L121331,u4331,m289,ACE,"Yeah, she's with that cocksucker again... and they got Amy.",casino,ace
L121329,u4331,m289,ACE,And what'd she want?,casino,ace
L121327,u4331,m289,ACE,Yeah.,casino,ace
L121224,u4331,m289,ACE,"I'm gonna okay you ten and get you even, and that's it. Then you got to get out of here before the cops and the newspapers are all over you.",casino,ace
L121222,u4331,m289,ACE,"Nicky, Nicky, you're not listenin' to me. I'm here to help you. What's the matter with you?  You're gonna bury us both.",casino,ace
L121220,u4331,m289,ACE,What are you doin'? You gotta get out of here!,casino,ace
L121177,u4331,m289,ACE,You never - ?,casino,ace
L121175,u4331,m289,ACE,...you? Do you remember what I told you?,casino,ace
L121173,u4331,m289,ACE,"No, it - it - Nicky, when you asked me if you could come out here, what did I tell you? I mean, you asked me, and I knew you were going to come out no matter what I said, but what did I tell you? Do you remember what I told...",casino,ace
L121171,u4331,m289,ACE,"Me?! I wouldn't even be in this situation if it wasn't for you. You brought down so much fuckin' heat on me. I mean, every time I meet somebody here, the big question is do I know you.",casino,ace
L121169,u4331,m289,ACE,"Yeah, I did want to go on TV. That way I have a forum. I can fight back. I'm known. People see me. They know they can't fuck around with me like they could if I was an unknown. That's right.",casino,ace
L121167,u4331,m289,ACE,I'm only on TV because I gotta be able to hang around the casino. You understand that. You know that. Come on.,casino,ace
L121165,u4331,m289,ACE,What are you -,casino,ace
L121163,u4331,m289,ACE,I -,casino,ace
L121161,u4331,m289,ACE,"Yeah, I said I - let the bullshit blow over for a while so I can run the casino. Anything goes wrong with the casino, it's my ass. It's not yours, it's my ass.",casino,ace
L121159,u4331,m289,ACE,"I didn't do anything. I mean, I didn't order you or anybody...  I only told Andy Stone that you had a lot of heat on you, and that was a problem.",casino,ace
L121157,u4331,m289,ACE,"I don't even know what you're talkin' about, Nick.",casino,ace
L121155,u4331,m289,ACE,What people?,casino,ace
L121135,u4331,m289,ACE,Why?,casino,ace
L121132,u4331,m289,ACE,"What - what, Caesar's?",casino,ace
L120933,u4331,m289,ACE,And at the...,casino,ace
L120931,u4331,m289,ACE,"...on the line and this guy's out havin' the time of his life. He has every cop in the state watchin' him, and he's out playin' golf.",casino,ace
L120926,u4331,m289,ACE,"The problem was, Nicky was not only bringin' heat on himself, but on me too. The FBI watched every move he made. But he didn't care. He just didn't care.",casino,ace
L120898,u4331,m289,ACE,"Nicky was questioned in two dozen murders, but they always had to let him go. There were never any witnesses.",casino,ace
L120889,u4331,m289,ACE,"Nicky wanted to take over. He wanted to go after Gaggi, go after the skim, go after everything and everybody.",casino,ace
L120887,u4331,m289,ACE,"I knew what he wanted, and I didn't want any part of it.",casino,ace
L120885,u4331,m289,ACE,This guy is gonna run to the FBI.,casino,ace
L120884,u4331,m289,ACE,"Yeah, that's right, the way you need me to vouch for you as a citizen and get you out of one of your jams. I'm gonna have to straighten out what you just did with this guy.",casino,ace
L120882,u4331,m289,ACE,"That's right, yeah.",casino,ace
L120880,u4331,m289,ACE,"Ju-just stay away from her. It's none of your business, okay? There are certain things you don't do, and you know that.",casino,ace
L120878,u4331,m289,ACE,Okay?,casino,ace
L120876,u4331,m289,ACE,...don't do it to me...,casino,ace
L120874,u4331,m289,ACE,Please...,casino,ace
L120872,u4331,m289,ACE,"I - I would appreciate it if you'd stay out of my personal life, okay? You wouldn't like it if I did it to you.",casino,ace
L120870,u4331,m289,ACE,"Listen, I would -",casino,ace
L120868,u4331,m289,ACE,"All of a sudden, you're the shoulder to cry on? Did you at least tell her about your little role in that whole situation?",casino,ace
L120866,u4331,m289,ACE,"Now, what does she have to do with all this?",casino,ace
L120864,u4331,m289,ACE,My wife?,casino,ace
L120860,u4331,m289,ACE,All right.,casino,ace
L120856,u4331,m289,ACE,"Yes, you lost your control.",casino,ace
L120854,u4331,m289,ACE,You lost your control.,casino,ace
L120852,u4331,m289,ACE,What happened to me? What happened to you?,casino,ace
L120850,u4331,m289,ACE,Every time you're on television I get mentioned. That looks bad. That looks bad.,casino,ace
L120848,u4331,m289,ACE,Looks bad? I'm gonna tell you what looks bad.,casino,ace
L120846,u4331,m289,ACE,I have no control over that. Ronnie and Billy were right there. They'll tell you exactly what happened.,casino,ace
L120844,u4331,m289,ACE,That's all taken out of context. Okay.,casino,ace
L120842,u4331,m289,ACE,...okay? I just wanna run a square joint. That's it. I just want my license. I want everything nice and quiet. That's it.,casino,ace
L120840,u4331,m289,ACE,I don't wanna be involved in anything you're talkin' about...,casino,ace
L120838,u4331,m289,ACE,I'll be honest with you.,casino,ace
L120836,u4331,m289,ACE,I don't wanna come along with you.,casino,ace
L120834,u4331,m289,ACE,"No, I don't wanna come -",casino,ace
L120832,u4331,m289,ACE,"Listen, Nick, you gotta understand my situation. I'm responsible for thousands of people. I got a hundred million a year goin' through the place.  It's all over, I'm gonna tell you, it's all over, if I don't get that license.  And believe me, if it goes bad for me, it's gonna go bad for a lot of people, you understand?",casino,ace
L120830,u4331,m289,ACE,"I'm not tryin' to tell you what to do. But you were way out of line, Nick. What're you doin'? Where's your head?",casino,ace
L120828,u4331,m289,ACE,"What're you doin'? He's a square guy, for chrissakes.  You can't treat him like that. He's gonna run to the FBI.",casino,ace
L120810,u4331,m289,ACE,Hey.,casino,ace
L120795,u4331,m289,ACE,...very difficult to get in.,casino,ace
L120794,u4331,m289,ACE,"It's impossible. It's booked up, and you gotta make a reservation.  It's...",casino,ace
L120460,u4331,m289,ACE,"- no matter where he was or what he was doing, he always went home to make breakfast for his son, Nicky- Boy.",casino,ace
L120411,u4331,m289,ACE,"Yeah, Nicky loved restaurants. He was a real restaurant buff. And over the years, he always made money with them.",casino,ace
L120326,u4331,m289,ACE,"It just didn't sink into his head about the Black Book and what it meant. Not being able to go into a casino is just one thing, but being in this book etched your name into the brains of every cop and FBI agent in the state. I mean, you're listed in there with Al Capone. But Nicky didn't care.",casino,ace
L120325,u4331,m289,ACE,"In so many words, yes.",casino,ace
L120323,u4331,m289,ACE,Forget it. You can't even set foot in the parking lot. That's how serious it is.,casino,ace
L120321,u4331,m289,ACE,"Nope, there's no way.",casino,ace
L120318,u4331,m289,ACE,"Yeah, I believe it. You got banned.",casino,ace
L120315,u4331,m289,ACE,"Well, it wasn't long before what I was afraid was gonna happen, happened. Nicky managed to get himself banned from every casino in Las Vegas, and from then on, I couldn't be seen talkin' to him anywhere in Vegas, or even near it.",casino,ace
L120254,u4331,m289,ACE,I'm just tellin' you. Don't say I didn't warn you.,casino,ace
L120252,u4331,m289,ACE,"Bullshit or no bullshit, they put you in that book, you're gonna be in a lot of trouble. You will not be able to walk into the casino. I'm tellin' you.",casino,ace
L120250,u4331,m289,ACE,I'm - I'm hearin' things from security. They're all ex-cops. The Sheriff's lookin' to bust your balls. They want to put you in the Black Book.,casino,ace
L120248,u4331,m289,ACE,You better watch yourself. There's a lot of heat on you already.,casino,ace
L120244,u4331,m289,ACE,Between...,casino,ace
L120224,u4331,m289,ACE,You're still eight pounds over.  What's the reason for this?,casino,ace
L120218,u4331,m289,ACE,Okay.,casino,ace
L120215,u4331,m289,ACE,"If he does it again, he's out for good. I don't care what it is, Nick, I'm gonna ha- I'll - I'll never let him in the place again.",casino,ace
L120199,u4331,m289,ACE,So what do you think I do? I threw that cocksucker out.,casino,ace
L120198,u4331,m289,ACE,Then he called me a faggot.,casino,ace
L120196,u4331,m289,ACE,...and he tells me to go fuck myself.,casino,ace
L120195,u4331,m289,ACE,He insulted Billy. And then I walked over to him politely...,casino,ace
L120193,u4331,m289,ACE,"No, I didn't know that. But you know what he did?",casino,ace
L120167,u4331,m289,ACE,You been lucky all week. They're lookin' to nail ya.,casino,ace
L120165,u4331,m289,ACE,Be careful. Gaming agents are all over the place.,casino,ace
L120164,u4331,m289,ACE,"I mean, Nicky's a made guy and I'm not. I can't do that.",casino,ace
L120157,u4331,m289,ACE,And I didn't want any of those agents near my place.,casino,ace
L120149,u4331,m289,ACE,"It was so obvious. I mean, all of Nicky's half-assed mechanics, they were real signal happy.",casino,ace
L120142,u4331,m289,ACE,...Nicky was dreamin' his own kind of Vegas.,casino,ace
L120065,u4331,m289,ACE,"When I married Ginger I knew all the stories, but I didn't give a fuck. 'I'm Sam Rothstein,' I said. 'I can change her.'",casino,ace
L119945,u4331,m289,ACE,"Especially at the casino, where he definitely did not work, people got the message.",casino,ace
L119944,u4331,m289,ACE,"And, Nicky being Nicky, he made his presence known.",casino,ace
L119908,u4331,m289,ACE,"Yeah, he had a fool-proof scheme, all right. It wasn't very scientific but it worked. When he won, he collected. When he lost, he told the bookies to go fuck themselves. What were they gonna do? Muscle Nicky?  Nicky was the muscle.",casino,ace
L119902,u4331,m289,ACE,"Nick, I gotta tell you, I got pinched twice for no reason. You really gotta be careful. I'm running a licensed place. Everything's legit.",casino,ace
L119900,u4331,m289,ACE,"Sure, you have my permission. But I - I just gotta tell you it's no joke out here. It's no joke, you know? You gotta keep a low profile. It's not like back home. Right off the bat, they don't like guys like us. And this sheriff's a real cowboy. Even the coppers aren't afraid to bury people out in the desert here.",casino,ace
L119898,u4331,m289,ACE,"No, of course not.",casino,ace
L119896,u4331,m289,ACE,"After we ate, we left Jennifer and Ginger alone and we took a ride to talk. And then... he hit me with it.",casino,ace
L119889,u4331,m289,ACE,"Honey, come here.",casino,ace
L119887,u4331,m289,ACE,Ginger.,casino,ace
L119885,u4331,m289,ACE,"Somethin', huh?",casino,ace
L119848,u4331,m289,ACE,"I mean, he took care of himself only too well. And that's why every badge back home wanted to nail him.",casino,ace
L119846,u4331,m289,ACE,But nobody had to take care of Nicky.,casino,ace
L119676,u4331,m289,ACE,"While I was tryin' to figure out why the guy was sayin' what he was sayin', Nicky just hit him. No matter how big a guy might be, Nicky would take him on. You beat Nicky with fists, he comes back with a bat. You beat him with a knife, he comes back with a gun. And you beat him with a gun, you better kill him, because he'll keep comin' back and back until one of you is dead.",casino,ace
L119675,u4331,m289,ACE,"Wait a sec, Nicky, Nicky, Nicky. Ta- take it easy.",casino,ace
L119660,u4331,m289,ACE,Eight.,casino,ace
L119651,u4331,m289,ACE,How did Nicky collect?,casino,ace
L119649,u4331,m289,ACE,"Yeah, we made a great pair. I made book and Nicky made sure we always collected. The old men loved us. And why not? They all made money with us.",casino,ace
L119604,u4331,m289,ACE,I'll take Columbia for twenty.,casino,ace
L119598,u4331,m289,ACE,Place the checks properly. That's the way you do it.,casino,ace
L119596,u4331,m289,ACE,Where the hell did you learn how to deal?,casino,ace
L119583,u4331,m289,ACE,"You know, I don't know if I could do this even if I wanted to. The Gaming Commission would never give me a license. I have at least two dozen gambling and bookmaking pinches on me.",casino,ace
L119518,u4331,m289,ACE,But it's in the desert where lots of the town's problems are solved.,casino,ace
L119512,u4331,m289,ACE,"...by the only kind of guys that can actually get you that kind of money: sixty-two million, seven-hundred thousand dollars. I don't know all the details.",casino,ace
L120673,u4331,m289,ACE,No problem.  Sorry.,casino,ace
L120671,u4331,m289,ACE,"Okay, thanks.  Um... you know, that's it. I'm sorry.",casino,ace
L120670,u4331,m289,ACE,"I'm sorry, I can't do anything. He's too incompetent. And the bottom line is, he cannot be trusted.",casino,ace
L120668,u4331,m289,ACE,"I can't do that. And I appreciate the fact that he's your brother-in- law, and I do want to help you and I like to do favors, and I know who you are, but I cannot do that.",casino,ace
L120666,u4331,m289,ACE,"I think you're way out of line talkin' to me like that. What you're sayin' is libelous, and you're in no position to challenge my expertise. I went way out of my way to be very helpful and courteous to that kid. He's weak, he's incompetent. He jeopardizes the whole place. There's not much more I can do for him.",casino,ace
L120664,u4331,m289,ACE,"Believe me, if I could prove it, he would be under arrest.",casino,ace
L120662,u4331,m289,ACE,"I'm sorry, but he knew about our gettin' hit on three big machines in a row and he did nothing about it. That means either he was in on it or, forgive me for saying this, he was too dumb to see what was going on. Either way, I cannot have a man like that workin' here.",casino,ace
L120657,u4331,m289,ACE,"No, that's quite all right.",casino,ace
L120654,u4331,m289,ACE,"Yeah, I heard a lot about you.",casino,ace
L120652,u4331,m289,ACE,How do you do?,casino,ace
L119632,u4331,m289,ACE,Seven o'clock.,casino,ace
L119630,u4331,m289,ACE,I'll come by.,casino,ace
L119628,u4331,m289,ACE,"Well, it's a little too early. I'd say Thursday would be good. I'll know by then. Is that all right?",casino,ace
L119626,u4331,m289,ACE,"Well, that's why they paid so well.",casino,ace
L121526,u4331,m289,ACE,"Hello, Jennifer, it's Sam -",casino,ace
L121120,u4331,m289,ACE,"Next morning bright and early, I get the call.",casino,ace
L121118,u4331,m289,ACE,"...as soon as Andy got back home, Nicky heard about our talk in the car.",casino,ace
L119890,u4331,m289,ACE,This is Jennifer and Nick. They're dear friends of mine.,casino,ace
L119862,u4331,m289,ACE,"I mean, that's what worried me, 'cause it turns out Nicky was about to be sent to Vegas.",casino,ace
L119860,u4331,m289,ACE,"Because Nicky enjoyed being a gangster, and he didn't give a damn who knew it.",casino,ace
L119857,u4331,m289,ACE,And they were usually right.,casino,ace
L119855,u4331,m289,ACE,"They were ready to blame him for anything, no matter where it happened.",casino,ace
L121861,u4331,m289,ACE,Half - I'm comin' down.,casino,ace
L121859,u4331,m289,ACE,Half of everything is mine.,casino,ace
L121857,u4331,m289,ACE,"Legally, she can't take that stuff. Legally, she can't take the stuff.",casino,ace
L121851,u4331,m289,ACE,She's a fuckin' junkie. She's out of her fucking mind.  Do you unders-,casino,ace
L121849,u4331,m289,ACE,You've got to stop her.,casino,ace
L121847,u4331,m289,ACE,"Charlie, you've gotta - you've gotta stop her!",casino,ace
L120811,u4331,m289,ACE,Want something to drink? Charlie you want a refill?,casino,ace
L120240,u4331,m289,ACE,No. Just stop everything.,casino,ace
L120238,u4331,m289,ACE,"That's right. She will get fired. In fact, I want you to send her back to Paris.",casino,ace
L120236,u4331,m289,ACE,...all you do is give me answers. Just - just give me the right answer.,casino,ace
L120234,u4331,m289,ACE,She could at least lose half a pound or a quarter.  Listen...,casino,ace
L120232,u4331,m289,ACE,'Mr Rothstein' is good enough.,casino,ace
L120230,u4331,m289,ACE,I...,casino,ace
L120228,u4331,m289,ACE,Why is she eight pounds over?,casino,ace
L120226,u4331,m289,ACE,Never mind the 'sir'. Never mind the 'sir'.,casino,ace
L121723,u4331,m289,ACE,Right away. Okay?,casino,ace
L121721,u4331,m289,ACE,"Yeah, Bill, listen, I'll explain to you later. Just - You - You got a gun at home? Yeah. Bring it over here right away.",casino,ace
L121719,u4331,m289,ACE,"Yeah, Billy Sherbert, please. Put him on.",casino,ace
L121200,u4331,m289,ACE,"No, just - just give him, give him ten. That's it. Ten.  I'll be right down.",casino,ace
L121198,u4331,m289,ACE,"Oh, no.",casino,ace
L121193,u4331,m289,ACE,What is it?,casino,ace
L121183,u4331,m289,ACE,L'chaim. [Yiddish for 'to life'],casino,ace
L120242,u4331,m289,ACE,"I don't care what she is. She's an institution, that's the problem. She's lazy.",casino,ace
L120174,u4331,m289,ACE,Call security.,casino,ace
L119701,u4331,m289,ACE,Why not make them happy?,casino,ace
L119699,u4331,m289,ACE,"Help the Senator, give him whatever he wants.",casino,ace
L119697,u4331,m289,ACE,I had dozens of politicians and state officials comin' through that place every week.,casino,ace
L119689,u4331,m289,ACE,I wouldn't give the bum a mop job.,casino,ace
L119687,u4331,m289,ACE,We can't get rid of him?,casino,ace
L119523,u4331,m289,ACE,"For guys like me, Las Vegas washes away your sins. It's a morality car wash. It does for us what Lourdes does for humpbacks and cripples. And, along with making us legit...",casino,ace
L119521,u4331,m289,ACE,"I hired an old casino pal, Billy Sherbert, as my manager and I went to work.",casino,ace
L121894,u4331,m289,ACE,They had all the pieces they needed.,casino,ace
L121892,u4331,m289,ACE,"After all the threats and all the bullshit, it turned out Ginger didn't tell 'em anything. But by then, the Feds didn't need her, anyway.",casino,ace
L121816,u4331,m289,ACE,If she calms down...,casino,ace
L121814,u4331,m289,ACE,"If she calms down, I will let her in the house.",casino,ace
L121810,u4331,m289,ACE,Should I let her in like - ?,casino,ace
L121806,u4331,m289,ACE,I'm afraid she's gonna destroy stuff.,casino,ace
L121804,u4331,m289,ACE,I'm afraid to let her in the house.,casino,ace
L121800,u4331,m289,ACE,Who knows what you're gonna do in there? I don't want you -,casino,ace
L121798,u4331,m289,ACE,"I won't let her in. I'm sorry, Randy, I'm not gonna let her in. She - Well, I'm not gonna let her in, the way she's behaving. I'm - I'm -",casino,ace
L121779,u4331,m289,ACE,I'm not -,casino,ace
L121776,u4331,m289,ACE,You'll wake the whole neighborhood!,casino,ace
L121774,u4331,m289,ACE,You're gonna be sorry if you don't stop that.,casino,ace
L121772,u4331,m289,ACE,"Will you stop it? You're drunk, you're on drugs. You're gonna -",casino,ace
L121766,u4331,m289,ACE,Just wait there for me!,casino,ace
L121764,u4331,m289,ACE,"She, she's alone. Just go. Take the gun and go into Amy's.",casino,ace
L121717,u4331,m289,ACE,"You make me sick, you fuck. Once a fuckin' hooker, always a hooker.",casino,ace
L121715,u4331,m289,ACE,Now you need approval from him to go home?,casino,ace
L121713,u4331,m289,ACE,Get the fu-  You threatening me?  I'll fuckin' kill you in this place!  Get up and go home right now.,casino,ace
L121711,u4331,m289,ACE,Get up! Get going!  Get up!,casino,ace
L121709,u4331,m289,ACE,Get - get up!,casino,ace
L121707,u4331,m289,ACE,Get - Get up! Get up!,casino,ace
L121705,u4331,m289,ACE,"And what? And let you disgrace me, you fuckin' pig? And let you disgrace me?  Get up. Get up and be a mother. Get in the car and go to the house...",casino,ace
L121703,u4331,m289,ACE,You want your jewelry?,casino,ace
L121701,u4331,m289,ACE,You understand? What? Let you go?,casino,ace
L121699,u4331,m289,ACE,You fuckin' whore!,casino,ace
L121697,u4331,m289,ACE,"You listen carefully! You ever fuckin' touch her again, you ever do anything like that again, I'll fuckin' kill you.  Pure and simple. Do you hear me? Pure and fuckin' simple, I'll fuckin' kill you, you bitch.",casino,ace
L121695,u4331,m289,ACE,Let me tell you something.  Listen to me.,casino,ace
L121693,u4331,m289,ACE,Listen to me.,casino,ace
L121691,u4331,m289,ACE,"Listen to me, listen to me, listen to me.  Listen, you fuckin' cunt.",casino,ace
L121689,u4331,m289,ACE,I should have -,casino,ace
L121687,u4331,m289,ACE,"I ought to fuckin' have you committed. You fuckin' do that again,  I'll f-, I'll f-",casino,ace
L121685,u4331,m289,ACE,...you out of your mind? That's our child. Are you out of your fuckin' mind?,casino,ace
L121683,u4331,m289,ACE,"I mean, you tie up our kid and you lock the fuckin' door?  Are...",casino,ace
L121534,u4331,m289,ACE,"I mean, it could get us both killed.",casino,ace
L121533,u4331,m289,ACE,What if he won't stop?,casino,ace
L121532,u4331,m289,ACE,"...she did what she did and I did what I had to do. But, Jesus, Nicky was the worst thing she could've done.",casino,ace
L121530,u4331,m289,ACE,I know you were with somebody. Who was it?  I just hope it's not someone who I think it might be.  I just hope it's not them.,casino,ace
L121528,u4331,m289,ACE,Who were you with?,casino,ace
L121523,u4331,m289,ACE,Mm.,casino,ace
L121521,u4331,m289,ACE,You know why I want to do it. Just do it.,casino,ace
L121519,u4331,m289,ACE,"Okay. I want you to call Jennifer and I want you to tell her to tell you what she had for lunch, and I'm gonna listen in on the other line.",casino,ace
L121517,u4331,m289,ACE,What did Jennifer have?,casino,ace
L121515,u4331,m289,ACE,What'd you have?,casino,ace
L121513,u4331,m289,ACE,And where'd you go?,casino,ace
L121511,u4331,m289,ACE,"So, who'd you go to lunch with?",casino,ace
L121508,u4331,m289,ACE,I put her to bed.,casino,ace
L121506,u4331,m289,ACE,You threw it away?,casino,ace
L121504,u4331,m289,ACE,Hi. You didn't answer your beeper.,casino,ace
L121433,u4331,m289,ACE,Get out of here!,casino,ace
L121431,u4331,m289,ACE,You're stoned. You're a junkie. Get out of here.,casino,ace
L121429,u4331,m289,ACE,You're not takin' Amy.,casino,ace
L121427,u4331,m289,ACE,You'll come back tomorrow and get the rest. Just get out of here.,casino,ace
L121423,u4331,m289,ACE,"Yeah, no kidding. Good! It opens at 9 a.m. Be there!",casino,ace
L121421,u4331,m289,ACE,"Here. Here. Is this enough money?! Huh?  Will it last you two fuckin' days? Take it, greedy bitch.  Take the fuckin' money you fuckin' want.",casino,ace
L121419,u4331,m289,ACE,You're lower than a dog!,casino,ace
L121416,u4331,m289,ACE,"I'll get your cash. You haven't been straight with me ever since I met you! You never loved me in the first place!  I need eyes in the back of my fuckin' head with you, you fuckin' bitch!",casino,ace
L121414,u4331,m289,ACE,No kidding. NO KIDDING!,casino,ace
L121410,u4331,m289,ACE,Take your  fuckin' bag and get out of here!,casino,ace
L121408,u4331,m289,ACE,I want you out of here! I want you out of here!,casino,ace
L121407,u4331,m289,ACE,Come with me now! Come with me now. Come with me now. I want you out of here.,casino,ace
L121405,u4331,m289,ACE,You hate my guts? I want you to come with me now.,casino,ace
L121392,u4331,m289,ACE,I'm just tryin' to figure it out.,casino,ace
L121390,u4331,m289,ACE,"Plus, at the most, three suits, a thousand apiece. That still leaves what?  Around ten thousand?",casino,ace
L121389,u4331,m289,ACE,"At the most, which is impossible for him.",casino,ace
L121387,u4331,m289,ACE,"But even if you bought him a watch, a really nice watch, one that he thought was nice - and he doesn't know what the fuck a good watch is - so, you go, five, ten, twelve grand?",casino,ace
L121383,u4331,m289,ACE,"First of all, he's not gonna wear f- thousand-dollar suits. But let's say he did, which he won't. How you gonna get fitted for twenty-five suits in three days?  I, um, I mean, how could you get fitted that fast? I can't get fitted that fast, and I pay twice as much.",casino,ace
L121382,u4331,m289,ACE,"The good part was, I had Amy back. So, we went home, had the housekeeper stay over, put the kid to bed, I calmed myself down and we went to dinner. I tried to keep things nice and civil, you know.  But... hey, twenty-five thousand for three suits? That doesn't make much sense.",casino,ace
L121377,u4331,m289,ACE,Mm-hm.,casino,ace
L121375,u4331,m289,ACE,Twenty-five thousand for clothes and a watch.,casino,ace
L121373,u4331,m289,ACE,Twenty-five thousand for clothes.,casino,ace
L121371,u4331,m289,ACE,With the money.,casino,ace
L121369,u4331,m289,ACE,"So, what'd ya do with it?",casino,ace
L121366,u4331,m289,ACE,All right...,casino,ace
L121364,u4331,m289,ACE,"Okay, no big deal. That's okay. Yeah. He got his twenty-five.  That I'll live with. Any more I couldn't.",casino,ace
L121362,u4331,m289,ACE,...the rest of the two million is still there?,casino,ace
L121361,u4331,m289,ACE,And...,casino,ace
L121359,u4331,m289,ACE,...twenty-five thousand?,casino,ace
L121358,u4331,m289,ACE,It's under...,casino,ace
L121356,u4331,m289,ACE,How serious?,casino,ace
L121354,u4331,m289,ACE,...under?,casino,ace
L121353,u4331,m289,ACE,What's it...,casino,ace
L121350,u4331,m289,ACE,"What about the money? Uh, where's the box?",casino,ace
L121347,u4331,m289,ACE,"Uh,  I don't know. I gotta tell you, I don't know.",casino,ace
L121345,u4331,m289,ACE,What do you mean?,casino,ace
L121343,u4331,m289,ACE,...please. That's all I'm askin' you.,casino,ace
L121342,u4331,m289,ACE,"...uh-uh-uh - I'm not gonna ask you where you are, just please, put Amy on a plane. Just put her on right away, any plane to get her here right away...",casino,ace
L121341,u4331,m289,ACE,Listen...,casino,ace
L121333,u4331,m289,ACE,"Yeah, they're gonna kidnap my kid. What do you want?",casino,ace
L121235,u4331,m289,ACE,Look in my eyes. Look in my eyes.,casino,ace
L121233,u4331,m289,ACE,"I mean she's only sober about two hours a day. It's usually from eleven in the morning until one in the afternoon. And if I gave her her money and her jewels now, you know what she's gonna do? She's gonna piss it all away in about a year, and then where will she be?  Where would you be then? Comin' right back to me, right back to me.  Or finding some other excuse to come and I - I -",casino,ace
L121128,u4331,m289,ACE,"...routine calls, they have to click off after a few minutes.",casino,ace
L121127,u4331,m289,ACE,...on the stuff involving crimes. So on...,casino,ace
L121126,u4331,m289,ACE,"You see, if a phone's tapped, the Feds can only listen in...",casino,ace
L120699,u4331,m289,ACE,"How could you say that?  You're a beautiful woman. You're destroying yourself. You don't need that stuff. You don't need that fuckin' leech livin' off you. I know you better than you know yourself. You're a tiger, you're stronger than I am. And when you set your mind on doing something, you do it better than anybody.  You can do it.  You can do it.",casino,ace
L120697,u4331,m289,ACE,"Yes, I - yes, I do.",casino,ace
L120695,u4331,m289,ACE,"Yes, you do. It's very discreet. There's no names in the papers. You don't have to worry about any of that stuff.",casino,ace
L120693,u4331,m289,ACE,You understand? Your drinking's gettin' way out of hand. I'm gonna get you into a program. They got plenty of good ones.,casino,ace
L120691,u4331,m289,ACE,"If not for me, at least for Amy.",casino,ace
L120689,u4331,m289,ACE,It's okay.  Look...  ...you gotta get a hold of yourself.,casino,ace
L120687,u4331,m289,ACE,"Listen.  Ginger. I'm tryin' to make the best of everything here, you know?  I mean, you're my wife, for chrissakes. Uh, I mean... people look up to you in this town. I don't know what to think -",casino,ace
L120685,u4331,m289,ACE,What? What?!,casino,ace
L120683,u4331,m289,ACE,"Yeah, how do I know?",casino,ace
L120681,u4331,m289,ACE,What?,casino,ace
L120679,u4331,m289,ACE,"Look - for my ulcer, I take a half a one of these, a half a one of these. And that's when I have extreme pain. I had a three-month supply. What'd you do with 'em?",casino,ace
L120677,u4331,m289,ACE,"Isn't it bad enough you're drinkin' too much, you're takin' all my pills too?",casino,ace
L120589,u4331,m289,ACE,"Didn't. No, instead, what did he say? 'Fuck him. Take him for everything he's got.'",casino,ace
L120587,u4331,m289,ACE,"You remember when you called him that night? When you said goodbye to him?  He didn't say, 'Don't get married, I'll be right down, we'll get married.'  He didn't say that to you, did he?",casino,ace
L120571,u4331,m289,ACE,"Good, so then you could tell me what the money is for.",casino,ace
L120569,u4331,m289,ACE,"You're askin' me for twenty-five thousand. I'm not out to make you feel bad. I want to just be able to trust you. You now, it's about trust. I have to be able to trust you with my life. Do you understand? Can I trust you?  Can I trust you?... Can I trust you?... Answer me. Can I trust you?",casino,ace
L120567,u4331,m289,ACE,What are you talkin' a- ?,casino,ace
L120565,u4331,m289,ACE,"Well, if you want a coat, you got it. You know that. It's not the money, it's just why do you want it?  That's all I'm askin'. Am I not entitled to that?",casino,ace
L120563,u4331,m289,ACE,"Huh?  Well, you know what? Now, I want you to tell me. I mean, my wife comes to me and asks me for twenty-five thousand. I mean, what do you want? Do you want a coat?",casino,ace
L120561,u4331,m289,ACE,"Who's fighting? I mean, I'm, you know, tell me what it's for.",casino,ace
L120559,u4331,m289,ACE,"Well, I mean... you know, I gotta ask you. That's a lot of money. You're not asking for a box of popcorn, you know. I mean...",casino,ace
L120557,u4331,m289,ACE,Why do you need that much?,casino,ace
L120555,u4331,m289,ACE,Twenty-five thousand? For yourself?,casino,ace
L120553,u4331,m289,ACE,"Well, why don't you take it out of your account? There's a lot there.",casino,ace
L120551,u4331,m289,ACE,What do you need?,casino,ace
L120550,u4331,m289,ACE,"Okay, want to go with Mommy?",casino,ace
L120292,u4331,m289,ACE,...they didn't know what really moved her.,casino,ace
L120290,u4331,m289,ACE,But as much as they loved her...,casino,ace
L120273,u4331,m289,ACE,She could be the most charming woman you ever saw. People loved to be around her.,casino,ace
L120130,u4331,m289,ACE,"So, I put two million in cash in a Los Angeles bank under the name of Mr and Mrs Tom Collins. This was strictly my shakedown and kidnapping money.",casino,ace
L120128,u4331,m289,ACE,"Crooked cops and kidnappers, they don't take checks.",casino,ace
L120125,u4331,m289,ACE,"All this stuff doesn't mean anything. Money, this, doesn't mean anything without trust. I have to be able to trust you with my life.",casino,ace
L120123,u4331,m289,ACE,"Now look,  pay attention to me. What I'm gonna tell you is very important.",casino,ace
L120121,u4331,m289,ACE,The only thing is... you shouldn't keep this in the house. We gotta put it in a bank.,casino,ace
L120119,u4331,m289,ACE,"You do whatever you want. Do I keep my promises, or do I keep my promises?",casino,ace
L120114,u4331,m289,ACE,It's nice isn't it?,casino,ace
L120112,u4331,m289,ACE,It's chinchilla.,casino,ace
L120103,u4331,m289,ACE,Want to go? Let's go back in.,casino,ace
L120101,u4331,m289,ACE,You sure?,casino,ace
L120099,u4331,m289,ACE,Right?,casino,ace
L120097,u4331,m289,ACE,You're with me now.,casino,ace
L120095,u4331,m289,ACE,It's all right. That part of your life is over with. Right?,casino,ace
L120093,u4331,m289,ACE,Maybe you shouldn't drink so much.,casino,ace
L120091,u4331,m289,ACE,Why're you crying?,casino,ace
L120089,u4331,m289,ACE,You all right?,casino,ace
L120064,u4331,m289,ACE,Just what I said. You'll be set up for the rest of your life. That I can promise you.  Want to take a chance?,casino,ace
L120062,u4331,m289,ACE,"You know I'm doin' well now. And I'm gonna do even better. And so, whatever happens, if it doesn't work out between us, I'm gonna make sure you're okay for the rest of your life. And if there are kids, especially, you know, I'll take care of you better than you'd ever imagine.",casino,ace
L120060,u4331,m289,ACE,"No, I - I... mean...  that can grow as I - as long as there's a mutual respect... that kind of thing can grow. I'm realistic. I can accept that. But, you know, what is... What is love anyway?  It's a... it's a mutual respect. It's - it's a devotion. It's a... it's a caring from one person to another. And if we could set up some kind of foundation...  based on that mutual respect...  I feel that eventually you would care enough about me... that I could live with that.",casino,ace
L120058,u4331,m289,ACE,I - I - I...,casino,ace
L120056,u4331,m289,ACE,"Yeah, I know all that.",casino,ace
L120054,u4331,m289,ACE,I'm forty-three years old. I don't want to wait. I know you well enough to know that I really love you very much.  And I can't think of anybody better to be with. And I don't feel like waiting anymore.,casino,ace
L120052,u4331,m289,ACE,I know I'd be a good father. I know you'd be a good mother.,casino,ace
L120050,u4331,m289,ACE,"I'm gonna do you one better. I'm trying to marry you. You want to marry me?  I'm serious. I mean, I - I want to settle down. I want a family.",casino,ace
L120048,u4331,m289,ACE,"We're not getting any younger. Don't you think it's time? Aren't you gettin' tired of all this shit? Bangin' around, hustlin' around?",casino,ace
L120047,u4331,m289,ACE,"Within no time, everything was set in place. We got rid of the freelance scamsters. The per was way up.  The gods were happy, or as happy as the gods can ever be.  And I, I decided to complicate my life. For a guy who likes sure things, I was about to bet the rest of my life on a real longshot.",casino,ace
L119840,u4331,m289,ACE,The Ginger I knew wouldn't even look at this creep.,casino,ace
L119820,u4331,m289,ACE,"...she took care of the valet parkers, the guys who could get you anything and take care of anything.",casino,ace
L119819,u4331,m289,ACE,But mostly...,casino,ace
L119817,u4331,m289,ACE,"...pit bosses, floor managers.",casino,ace
L119815,u4331,m289,ACE,She took care of the dealers...,casino,ace
L119800,u4331,m289,ACE,That was all bullshit. She just pocketed the cash.,casino,ace
L119798,u4331,m289,ACE,Any change?,casino,ace
L119788,u4331,m289,ACE,She was a queen around the casino. She brought in high rollers and helped them spread around a lot of money.,casino,ace
L119786,u4331,m289,ACE,"See you, Ginger.",casino,ace
L119784,u4331,m289,ACE,Ginger's mission in life was money.,casino,ace
L121063,u4331,m289,ACE,...twenty years in order to find nothin' on me -,casino,ace
L121061,u4331,m289,ACE,"We all have a past. You have a past, I have a past. And my past is no worse than yours. But you guys think you have the right to pass judgement on me.",casino,ace
L121059,u4331,m289,ACE,Bullshit! Bullshit!,casino,ace
L121057,u4331,m289,ACE,- you could put 'em on your expense account?,casino,ace
L121056,u4331,m289,ACE,Don't you remember? You promised me a fair hearing when you were gettin' comped at my hotel and you were asking me for copies of your bills so -,casino,ace
L121054,u4331,m289,ACE,"What are you running for, Bob? What are you running for?",casino,ace
L121051,u4331,m289,ACE,"Yeah, thanks for not callin' me a liar. You son-of-a-bitch. You son-of- a",casino,ace
L121089,u4331,m289,ACE,That's amazing.,casino,ace
L121087,u4331,m289,ACE,Eight children!,casino,ace
L121085,u4331,m289,ACE,How many kids do you have?,casino,ace
L120534,u4331,m289,ACE,"Listen, if you didn't know you're bein' scammed, you're too fuckin' dumb to keep this job. If you did know, you were in on it. Either way, you're out!  Get out! Go on.  Let's go.",casino,ace
L120532,u4331,m289,ACE,I'll regret it even more if I keep you on.,casino,ace
L120530,u4331,m289,ACE,"I'm firin' you? No, I'm not firin'  I'm firin' you, you -",casino,ace
L120528,u4331,m289,ACE,"Listen, you fuckin' yokel, I've had it with you. I've been carryin' your ass in this place ever since I got here. Get your ass and get your things and get out of here.",casino,ace
L120526,u4331,m289,ACE,You - Wait! You didn't see that you were being set up on the second win?,casino,ace
L120524,u4331,m289,ACE,"The probability on one-four-reel machine is a million and a half to one. On three machines in a row, it's in the billions.  It cannot happen... would not happen, you fuckin' momo! What's the matter with you!  Didn't you see you were bein' set up on the second win?",casino,ace
L120523,u4331,m289,ACE,"Hey... Ward, you're pissin' me off. Now, you're insulting my intelligence. What do you think, I'm a fuckin' idiot? You know goddamn well somebody had to get into those machines and set those fuckin' reels.",casino,ace
L120521,u4331,m289,ACE,"Yes, there is. An infallible way! They won!",casino,ace
L120519,u4331,m289,ACE,You didn't see the scam? You didn't see what was goin' on?,casino,ace
L120517,u4331,m289,ACE,Three fuckin' jackpots in twenty minutes? Why didn't you pull the machines? Why didn't you call me?,casino,ace
L120515,u4331,m289,ACE,"Four reels, sevens across, three fifteen-thousand-dollar jackpots? Do you have any idea what the odds are?",casino,ace
L120308,u4331,m289,ACE,"Don't thank me, just do it. You're the Slots Manager. I shouldn't have to tell you this.",casino,ace
L120306,u4331,m289,ACE,"Listen to me very carefully. There are three ways of doing things around here. The right way, the wrong way, and the way I do it. You understand?",casino,ace
L120304,u4331,m289,ACE,"The action is in the front, not in the back. Bring 'em up front.",casino,ace
L120302,u4331,m289,ACE,These are our best machines. They bring all the action. No wonder the drop is off.,casino,ace
L120300,u4331,m289,ACE,What about the progressives with the high jackpots? Where are they? These machines are hidden.,casino,ace
L120298,u4331,m289,ACE,What are they doin' way back there? Bring 'em up here where they belong. You can't even see 'em over there.,casino,ace
L119684,u4331,m289,ACE,Mr Rothstein.,casino,ace
L121919,u4331,m289,ACE,Green?,casino,ace
L120940,u4331,m289,ACE,"Well, that's all I ask, gentlemen, a fair hearing.",casino,ace
L120938,u4331,m289,ACE,"I mean, if I can't work in Vegas, where am I gonna go?",casino,ace
L120937,u4331,m289,ACE,"That was nineteen years ago, and they were simple gambling pinches.",casino,ace
L120936,u4331,m289,ACE,I had my license hearing coming up and I didn't wanna leave anything to chance.,casino,ace
L120934,u4331,m289,ACE,...worst possible time for me.,casino,ace
L120038,u4331,m289,ACE,"All right, I'm gonna give you a choice. You can either have the money and the hammer or you can walk out of here. You can't have both. What do you want?",casino,ace
L120017,u4331,m289,ACE,"Now, you're gonna have to learn with your left hand.",casino,ace
L120015,u4331,m289,ACE,"So, you're a righty?",casino,ace
L120013,u4331,m289,ACE,Can you do it with your left hand?,casino,ace
L120011,u4331,m289,ACE,Can't do it with both hands?,casino,ace
L120009,u4331,m289,ACE,I'm just curious. I saw you shuffling your checks with your right hand. Can you do that with both hands?,casino,ace
L120008,u4331,m289,ACE,We had to make an example of these pricks that the party was over.,casino,ace
L119668,u4331,m289,ACE,"I ju- Well, it's a nice pen. I just didn't know whose it was. I thought it was yours. I didn't want it to get lost.",casino,ace
L119666,u4331,m289,ACE,Is this yours? Your pen?,casino,ace
L119664,u4331,m289,ACE,Excuse me.,casino,ace
L120044,u4331,m289,ACE,Get out of here.,casino,ace
L120042,u4331,m289,ACE,"You're fuckin' right, you made a bad mistake. 'Cause if you come back here - we catch either one of you - we're gonna break your fuckin' heads and you won't walk out of here. You see that fuckin' saw?  We're gonna use it. You don't fuck around in this place. You got it?",casino,ace
L120040,u4331,m289,ACE,And don't forget to tell your friends what happens if they fuck around in here. You understand?,casino,ace
L129751,u4477,m296,GITTES,An honest living.,chinatown,gittes
L129749,u4477,m296,GITTES,I don't know how that got in the paper as a matter of fact  it surprised me it was so quick. I make an honest living.,chinatown,gittes
L129745,u4477,m296,GITTES,"Look, pal. I make an honest living. People don't come to me unless they're miserable and I help 'em out of a bad situation. I don't kick them out of their homes like you jerks who work in the bank.",chinatown,gittes
L129743,u4477,m296,GITTES,"Barney, who is this bimbo? He a regular customer?",chinatown,gittes
L129732,u4477,m296,GITTES,Look at that.,chinatown,gittes
L130274,u4477,m296,GITTES,The print's pretty fine. I forgot my glasses. I'd like to be able to read across.,chinatown,gittes
L130272,u4477,m296,GITTES,"Well, then, how about a ruler?",chinatown,gittes
L130270,u4477,m296,GITTES,Can I check one of these volumes out?,chinatown,gittes
L130268,u4477,m296,GITTES,But that means that most of the valley's been sold in the last few months.,chinatown,gittes
L130266,u4477,m296,GITTES,Then these are all new owners?,chinatown,gittes
L130264,u4477,m296,GITTES,How come all these new names are pasted into the plat book?,chinatown,gittes
L130260,u4477,m296,GITTES,I'll settle for L.A. County.,chinatown,gittes
L130730,u4477,m296,GITTES,Who do you blame for that? Her?,chinatown,gittes
L130728,u4477,m296,GITTES,Then why are you doing it? How much better can you eat? What can you buy that you can't already afford?,chinatown,gittes
L130726,u4477,m296,GITTES,I want to know what you're worth. Over ten million?,chinatown,gittes
L130724,u4477,m296,GITTES,How much are you worth?,chinatown,gittes
L130722,u4477,m296,GITTES,How do you do that?,chinatown,gittes
L130720,u4477,m296,GITTES,There's going to be some irate citizens when they find out they're paying for water they're not getting.,chinatown,gittes
L130718,u4477,m296,GITTES,And that's what you were going to do in the Valley?,chinatown,gittes
L130716,u4477,m296,GITTES,Haven't the faintest idea.,chinatown,gittes
L130714,u4477,m296,GITTES,...the coroner's report showed Mulwray had salt water in his lungs.,chinatown,gittes
L130712,u4477,m296,GITTES,That you killed Hollis Mulwray.,chinatown,gittes
L130709,u4477,m296,GITTES,An obituary column... can you read in this light?,chinatown,gittes
L130707,u4477,m296,GITTES,"I'd like you to look at something, Mr. Cross.",chinatown,gittes
L130705,u4477,m296,GITTES,With her mother.,chinatown,gittes
L130703,u4477,m296,GITTES,She's fine.,chinatown,gittes
L130701,u4477,m296,GITTES,I've got her.,chinatown,gittes
L130257,u4477,m296,GITTES,"We'll be in touch, Mr. Cross.",chinatown,gittes
L130255,u4477,m296,GITTES,I'll look into it as soon as I check out some avocado groves.,chinatown,gittes
L130253,u4477,m296,GITTES,"Okay. My secretary'll send you a letter of agreement. Tell me are you worried about that girl, or what Evelyn might do to her?",chinatown,gittes
L130251,u4477,m296,GITTES,How did you find out?,chinatown,gittes
L130249,u4477,m296,GITTES,"If you want to hire me, I still have to know what you and Mulwray were arguing about.",chinatown,gittes
L130247,u4477,m296,GITTES,I didn't realize you and Hollis were so fond of each other.,chinatown,gittes
L130245,u4477,m296,GITTES,What about her?,chinatown,gittes
L130243,u4477,m296,GITTES,I've got the photographs in my office. If they'll help you remember. What was the argument about?,chinatown,gittes
L130242,u4477,m296,GITTES,"Well, It was about five days ago. You were outside the Pig 'n Whistle and you had one hell of an argument.",chinatown,gittes
L130240,u4477,m296,GITTES,Yeah. Do you remember the last time you talked to Mulwray?,chinatown,gittes
L130238,u4477,m296,GITTES,When was the last time?,chinatown,gittes
L130236,u4477,m296,GITTES,"You didn't see Mulwray much, did you?",chinatown,gittes
L130234,u4477,m296,GITTES,Maybe.,chinatown,gittes
L130232,u4477,m296,GITTES,No. She's probably scared to death.,chinatown,gittes
L130230,u4477,m296,GITTES,Yeah.,chinatown,gittes
L130228,u4477,m296,GITTES,You mean the little chippie he was with at the El Macando?,chinatown,gittes
L130226,u4477,m296,GITTES,His girlfriend?,chinatown,gittes
L130224,u4477,m296,GITTES,Mainly that you're rich and too respectable to want your name in the papers.,chinatown,gittes
L130221,u4477,m296,GITTES,It's what the D.A. used to tell me about Chinatown.,chinatown,gittes
L130218,u4477,m296,GITTES,What for?,chinatown,gittes
L130216,u4477,m296,GITTES,"If you want an answer to that question I can always put one of my men on the job. Good afternoon, Mr. Cross.",chinatown,gittes
L130214,u4477,m296,GITTES,"My usual fee, plus a bonus if I come up with any results.",chinatown,gittes
L130212,u4477,m296,GITTES,Too bad?,chinatown,gittes
L130210,u4477,m296,GITTES,None.,chinatown,gittes
L130208,u4477,m296,GITTES,Far as it goes. Of course he has to swim in the same water we all do.,chinatown,gittes
L130206,u4477,m296,GITTES,Very.,chinatown,gittes
L130204,u4477,m296,GITTES,We worked in Chinatown together.,chinatown,gittes
L130202,u4477,m296,GITTES,Oh yes.,chinatown,gittes
L130200,u4477,m296,GITTES,Lou Escobar  he's a Lieutenant.,chinatown,gittes
L130198,u4477,m296,GITTES,They're calling it an accident.,chinatown,gittes
L130196,u4477,m296,GITTES,"Fine, as long as you don't serve chicken that way.",chinatown,gittes
L130194,u4477,m296,GITTES,I think I gave it to her.,chinatown,gittes
L130192,u4477,m296,GITTES,No. She happens to think the last one was murdered.,chinatown,gittes
L130190,u4477,m296,GITTES,Probably.,chinatown,gittes
L130188,u4477,m296,GITTES,It doesn't hurt.,chinatown,gittes
L130186,u4477,m296,GITTES,Thanks.,chinatown,gittes
L130182,u4477,m296,GITTES,Always?,chinatown,gittes
L130179,u4477,m296,GITTES,"Yes, sir, that's what it looks like. I'll give you that.",chinatown,gittes
L130177,u4477,m296,GITTES,Sir?,chinatown,gittes
L130570,u4477,m296,GITTES,Just bring your checkbook.,chinatown,gittes
L130568,u4477,m296,GITTES,Either that or she'll be in jail.,chinatown,gittes
L130566,u4477,m296,GITTES,At your daughter's house. How soon can you get here?,chinatown,gittes
L130564,u4477,m296,GITTES,Do you remember the figures we discussed?,chinatown,gittes
L130562,u4477,m296,GITTES,"Have you got your checkbook handy, Mr. Cross? I've got the girl.",chinatown,gittes
L130698,u4477,m296,GITTES,"Curly, you know how long I been in business.",chinatown,gittes
L130696,u4477,m296,GITTES,"Tell Mrs. Mulwray to wait for half an hour after you get there. Then if I don't show, take her down to the boat.",chinatown,gittes
L130694,u4477,m296,GITTES,I'll throw that in too.,chinatown,gittes
L130692,u4477,m296,GITTES,I might be able to squeeze an extra seventy-five bucks out of it for you. Maybe an even hundred.,chinatown,gittes
L130690,u4477,m296,GITTES,Forget it. How would you like to pay me off by taking a couple of passengers to Ensenada... you'd have to leave tonight.,chinatown,gittes
L130688,u4477,m296,GITTES,"How much do you owe me, Curly?",chinatown,gittes
L130684,u4477,m296,GITTES,Tell her later.,chinatown,gittes
L130682,u4477,m296,GITTES,"Right now, Curly. It can't wait.",chinatown,gittes
L130680,u4477,m296,GITTES,Could you drive me somewhere?,chinatown,gittes
L130678,u4477,m296,GITTES,Where's that?,chinatown,gittes
L130676,u4477,m296,GITTES,"Curly, where's your car?",chinatown,gittes
L130671,u4477,m296,GITTES,No thanks.,chinatown,gittes
L130669,u4477,m296,GITTES,Call me Jake. How is everything?,chinatown,gittes
L129667,u4477,m296,GITTES,"Call me Jake. Careful driving home, Curly.",chinatown,gittes
L129665,u4477,m296,GITTES,What kind of guy do you think I am?,chinatown,gittes
L129663,u4477,m296,GITTES,Forget it. I only mention it to illustrate a point...,chinatown,gittes
L129661,u4477,m296,GITTES,You bet your ass you don't. You can't even pay me off.,chinatown,gittes
L129657,u4477,m296,GITTES,Oh they don't?,chinatown,gittes
L129652,u4477,m296,GITTES,"What's that, Curly?",chinatown,gittes
L129650,u4477,m296,GITTES,"Thanks, Curly. Call me Jake.",chinatown,gittes
L129648,u4477,m296,GITTES,"You're absolutely right, I wouldn't give her another thought.",chinatown,gittes
L129646,u4477,m296,GITTES,"What can I tell you, Kid? You're right. When you're right, you're right, and you're right.",chinatown,gittes
L129986,u4477,m296,GITTES,Sue the shit out of 'em.,chinatown,gittes
L129782,u4477,m296,GITTES,"Yeah, yeah. If she'd come in here saying she was Shirley Temple you'd say okay to that, too.",chinatown,gittes
L129780,u4477,m296,GITTES,That's a filthy habit.,chinatown,gittes
L129778,u4477,m296,GITTES,"There's seven ashtrays in this room, Duffy.",chinatown,gittes
L129760,u4477,m296,GITTES,"Shut up, Duffy, you're always in a hurry and his friend says why not do what the Chinese do? So he says what do they do? His friend says the Chinese they screw for a while. Just listen a second, Duffy...",chinatown,gittes
L129758,u4477,m296,GITTES,So there's this fella who's tired of screwing his wife.,chinatown,gittes
L130375,u4477,m296,GITTES,But what?,chinatown,gittes
L130373,u4477,m296,GITTES,How do they do that?,chinatown,gittes
L130371,u4477,m296,GITTES,The apple core?,chinatown,gittes
L130369,u4477,m296,GITTES,Where did you get this material?,chinatown,gittes
L130367,u4477,m296,GITTES,That's just lovely.,chinatown,gittes
L130365,u4477,m296,GITTES,Well you own a lot of land.,chinatown,gittes
L130363,u4477,m296,GITTES,Did you know that you're a very wealthy woman?,chinatown,gittes
L130361,u4477,m296,GITTES,I've been wanting to meet you.,chinatown,gittes
L130763,u4477,m296,GITTES,Get him away from her. He's responsible for everything. Get him away from her!,chinatown,gittes
L130762,u4477,m296,GITTES,An accident?,chinatown,gittes
L130760,u4477,m296,GITTES,"Who is he, get his name? I'll kill him.",chinatown,gittes
L130754,u4477,m296,GITTES,"Lou, she will kill you. Let her go for now. You don't know.",chinatown,gittes
L130752,u4477,m296,GITTES,Let her go. She didn't kill anybody.,chinatown,gittes
L130750,u4477,m296,GITTES,"Oh, Christ. Escobar, you don't know what's going on. Let her go. I'll explain it later.",chinatown,gittes
L130665,u4477,m296,GITTES,"Gee, thanks, Lou.",chinatown,gittes
L130663,u4477,m296,GITTES,I guess not.,chinatown,gittes
L130660,u4477,m296,GITTES,"Do me a favor, will you, Lou?",chinatown,gittes
L130655,u4477,m296,GITTES,"Gee, Lou, I'm doing the best I can.",chinatown,gittes
L130651,u4477,m296,GITTES,She lives in Pedro. I'll write it down for you.,chinatown,gittes
L130649,u4477,m296,GITTES,Her maid's house. I think she knows something's up.,chinatown,gittes
L130647,u4477,m296,GITTES,Matter of fact I do.,chinatown,gittes
L130543,u4477,m296,GITTES,I know what he says.,chinatown,gittes
L130538,u4477,m296,GITTES,They only dump the water at night.,chinatown,gittes
L130536,u4477,m296,GITTES,It's too late.,chinatown,gittes
L130534,u4477,m296,GITTES,C'mon I'll show you.,chinatown,gittes
L130532,u4477,m296,GITTES,He found out somebody was dumping water there. That's what they were trying to cover up by moving him.,chinatown,gittes
L130530,u4477,m296,GITTES,Mulwray was murdered and moved because somebody didn't want his body found in the ocean.,chinatown,gittes
L130529,u4477,m296,GITTES,Why do you think Mulwray's body was moved you dimwit? Evelyn Mulwray knocked off her husband in the ocean and thought it would look like more of an accident if she hauled him up to the Oak Pass Reservoir?,chinatown,gittes
L130527,u4477,m296,GITTES,"Well, I hope she wasn't too much of a disappointment to you, Lou.",chinatown,gittes
L130525,u4477,m296,GITTES,"I don't think I need a day or two. You're even dumber than you think I think you are. Not only that, I'd never extort a nickel out of my worst enemy, that's where I draw the line, Escobar.",chinatown,gittes
L130523,u4477,m296,GITTES,You accusing me of extortion?,chinatown,gittes
L130520,u4477,m296,GITTES,I heard it was an accident.,chinatown,gittes
L130518,u4477,m296,GITTES,Yeah?,chinatown,gittes
L130516,u4477,m296,GITTES,What pictures?,chinatown,gittes
L130514,u4477,m296,GITTES,"I don't think about it one way or the other. But if you want, give me a day or two, and I'll get back to you. Now I'd like to go home.",chinatown,gittes
L130510,u4477,m296,GITTES,"Yeah, I took 'em. So what?",chinatown,gittes
L130505,u4477,m296,GITTES,Is it? I forget. I don't call myself that often.,chinatown,gittes
L130502,u4477,m296,GITTES,I don't.,chinatown,gittes
L130500,u4477,m296,GITTES,Didn't you call?,chinatown,gittes
L129937,u4477,m296,GITTES,Oh yeah? Can you think of something to charge me with?,chinatown,gittes
L129933,u4477,m296,GITTES,You mean that's what you're going to call it.,chinatown,gittes
L129931,u4477,m296,GITTES,No?,chinatown,gittes
L129918,u4477,m296,GITTES,No.,chinatown,gittes
L129891,u4477,m296,GITTES,I'd like to talk to him.,chinatown,gittes
L129889,u4477,m296,GITTES,Hollis Mulwray. You seen him?,chinatown,gittes
L129887,u4477,m296,GITTES,Looking for someone.,chinatown,gittes
L129885,u4477,m296,GITTES,Congratulations.,chinatown,gittes
L129883,u4477,m296,GITTES,Since when?,chinatown,gittes
L129878,u4477,m296,GITTES,I get by.,chinatown,gittes
L129876,u4477,m296,GITTES,"Well, to tell you the truth, I lied a little.",chinatown,gittes
L129874,u4477,m296,GITTES,"Thanks, Lou.",chinatown,gittes
L129870,u4477,m296,GITTES,Summer colds are the worst.,chinatown,gittes
L129868,u4477,m296,GITTES,"How are you, Lou?",chinatown,gittes
L130742,u4477,m296,GITTES,"Sure, but I'd like to handle it.",chinatown,gittes
L130740,u4477,m296,GITTES,Let me handle that.,chinatown,gittes
L130633,u4477,m296,GITTES,How do you know?,chinatown,gittes
L130630,u4477,m296,GITTES,On his day off. Get the exact address.,chinatown,gittes
L130628,u4477,m296,GITTES,...where does Kyo live?,chinatown,gittes
L130626,u4477,m296,GITTES,I'll take care of it.,chinatown,gittes
L130624,u4477,m296,GITTES,"That's worse... Just get out of here. Walk out, leave everything.",chinatown,gittes
L130622,u4477,m296,GITTES,You can't go by train. Escobar'll be looking for you everywhere.,chinatown,gittes
L130620,u4477,m296,GITTES,Yeah... where are you taking her now?,chinatown,gittes
L130618,u4477,m296,GITTES,...so that's why you hate him...,chinatown,gittes
L130616,u4477,m296,GITTES,To Mexico...,chinatown,gittes
L130611,u4477,m296,GITTES,I said I want the truth.,chinatown,gittes
L130606,u4477,m296,GITTES,I said the truth!,chinatown,gittes
L130604,u4477,m296,GITTES,Katherine?... Katherine who?,chinatown,gittes
L130602,u4477,m296,GITTES,That's good. Now what's her name?,chinatown,gittes
L130600,u4477,m296,GITTES,Who is she? And don't give me that crap about it being your sister. You don't have a sister.,chinatown,gittes
L130598,u4477,m296,GITTES,"Stop it!  I'll make it easy. You were jealous, you fought, he fell, hit his head. It was an accident, but his girl is a witness. You've had to pay her off. You don't have the stomach to harm her, but you've got the money to shut her up. Yes or no?",chinatown,gittes
L130596,u4477,m296,GITTES,"There's no time for you to be shocked by the truth, Mrs. Mulwray. The coroner's report proves he was killed in salt water. Just take my word for it. Now I want to know how it happened and why. I want to know before Escobar gets here because I want to hang onto my license.",chinatown,gittes
L130594,u4477,m296,GITTES,Yes positively. That's where he was drowned...,chinatown,gittes
L130592,u4477,m296,GITTES,"I found these in your backyard... in your fish pond. They belonged to your husband, didn't they?... didn't they?",chinatown,gittes
L130590,u4477,m296,GITTES,Don't worry. I can recommend a couple. They're expensive but you can afford it.,chinatown,gittes
L130588,u4477,m296,GITTES,You know any good criminal lawyers?,chinatown,gittes
L130586,u4477,m296,GITTES,"You're going to miss your train!  Lou, meet me at 1412 Adelaide. It's above Santa Monica Canyon... yeah, soon as you can.",chinatown,gittes
L130584,u4477,m296,GITTES,J. J. Gittes for Lieutenant Escobar,chinatown,gittes
L130582,u4477,m296,GITTES,Going somewhere?,chinatown,gittes
L130580,u4477,m296,GITTES,I want to see her.,chinatown,gittes
L130578,u4477,m296,GITTES,Where's the girl?,chinatown,gittes
L130576,u4477,m296,GITTES,Sure.,chinatown,gittes
L130486,u4477,m296,GITTES,Don't worry. I'm not telling anybody about this.,chinatown,gittes
L130484,u4477,m296,GITTES,I took your husband's Buick...  I'll return it tomorrow.,chinatown,gittes
L130482,u4477,m296,GITTES,"Because of Hollis? Because she was seeing your husband? Was that it? Jesus Christ, say something. Was that it?",chinatown,gittes
L130478,u4477,m296,GITTES,I will if you don't.,chinatown,gittes
L130476,u4477,m296,GITTES,"Just tell me the truth. I'm not the police. I don't care what you've done. I'm not going to hurt you, but one way or another I'm going to know.",chinatown,gittes
L130474,u4477,m296,GITTES,Like she knows about Hollis' death. Like she knows more than you want her to tell.,chinatown,gittes
L130472,u4477,m296,GITTES,"That's not what it looks like, Mrs. Mulwray.",chinatown,gittes
L130470,u4477,m296,GITTES,You mean she just found out?,chinatown,gittes
L130468,u4477,m296,GITTES,What about?,chinatown,gittes
L130465,u4477,m296,GITTES,Then let's go talk to her.,chinatown,gittes
L130463,u4477,m296,GITTES,You know what I mean. You're keeping her there against her will.,chinatown,gittes
L130461,u4477,m296,GITTES,"C'mon, Mrs. Mulwray. You've got your husband's girlfriend tied up in there!",chinatown,gittes
L130459,u4477,m296,GITTES,It's either that or you drive to the police yourself.,chinatown,gittes
L130457,u4477,m296,GITTES,"Okay, give me the keys.",chinatown,gittes
L130455,u4477,m296,GITTES,Including the death of your husband?,chinatown,gittes
L130453,u4477,m296,GITTES,That's what your father said. You're telling me he's in back of this whole thing?,chinatown,gittes
L130451,u4477,m296,GITTES,Give me an example.,chinatown,gittes
L130449,u4477,m296,GITTES,"Mulwray's girlfriend, for one thing. He wanted to know where she was.",chinatown,gittes
L130447,u4477,m296,GITTES,"That you were jealous, and he was worried about what you might do.",chinatown,gittes
L130445,u4477,m296,GITTES,There hasn't been a lot of time.,chinatown,gittes
L130443,u4477,m296,GITTES,This morning.,chinatown,gittes
L130441,u4477,m296,GITTES,I saw him.,chinatown,gittes
L130439,u4477,m296,GITTES,I know.,chinatown,gittes
L130437,u4477,m296,GITTES,The Albacore Club.,chinatown,gittes
L130435,u4477,m296,GITTES,Where are you going?,chinatown,gittes
L130433,u4477,m296,GITTES,And I want to know where.,chinatown,gittes
L130431,u4477,m296,GITTES,Where?,chinatown,gittes
L130427,u4477,m296,GITTES,...A flaw...,chinatown,gittes
L130425,u4477,m296,GITTES,There's something black in the green part of your eye.,chinatown,gittes
L130423,u4477,m296,GITTES,Your eye.,chinatown,gittes
L130419,u4477,m296,GITTES,I thought I was keeping someone from being hurt and actually I ended up making sure they were hurt.,chinatown,gittes
L130417,u4477,m296,GITTES,You can't always tell what's going on there.,chinatown,gittes
L130415,u4477,m296,GITTES,"Bothers everybody who works there, but to me... It was...",chinatown,gittes
L130407,u4477,m296,GITTES,They do in Chinatown.,chinatown,gittes
L130405,u4477,m296,GITTES,As little as possible.,chinatown,gittes
L130403,u4477,m296,GITTES,Working for the District Attorney.,chinatown,gittes
L130401,u4477,m296,GITTES,It was in Chinatown.,chinatown,gittes
L130399,u4477,m296,GITTES,Why?,chinatown,gittes
L130397,u4477,m296,GITTES,Actually this hasn't happened to me in some time.,chinatown,gittes
L130395,u4477,m296,GITTES,"What's that, Mrs. Mulwray?",chinatown,gittes
L130393,u4477,m296,GITTES,"I guess not to you, Mrs. Mulwray. Frankly you really saved my a... my neck tonight.",chinatown,gittes
L130391,u4477,m296,GITTES,"Easy, it's an innocent question.",chinatown,gittes
L130389,u4477,m296,GITTES,"What do you mean, 'why?' Nobody's here, that's all.",chinatown,gittes
L130387,u4477,m296,GITTES,Maid's night off?,chinatown,gittes
L130383,u4477,m296,GITTES,Get in the car.,chinatown,gittes
L130356,u4477,m296,GITTES,They may not know it but they are.,chinatown,gittes
L130354,u4477,m296,GITTES,"You're looking at the owners of a 50,000 acre empire.",chinatown,gittes
L130330,u4477,m296,GITTES,"Two weeks ago he bought those 25,000 acres. That's unusual.",chinatown,gittes
L130328,u4477,m296,GITTES,There was a memorial service at the Mar Vista Inn today for Jasper Lamar Crabb. He died three weeks ago.,chinatown,gittes
L130326,u4477,m296,GITTES,"We got it. We got it, baby.",chinatown,gittes
L130325,u4477,m296,GITTES,It's why he was killed. Jasper Lamar Crabb. Jasper Lamar Crabb.,chinatown,gittes
L130323,u4477,m296,GITTES,Yeah. They've been blowing these farmers out of here and buying their land for peanuts. Have any idea what this land'll be worth with a steady water supply? About thirty million more than they paid.,chinatown,gittes
L130321,u4477,m296,GITTES,Know him?,chinatown,gittes
L130319,u4477,m296,GITTES,"In the last three months, Robert Knox has bought 7,000 acres, Emma Dill 12,000 acres, Clarence Speer 5,000 acres, and Jasper Lamar Crabb 25,000 acres.",chinatown,gittes
L130317,u4477,m296,GITTES,"Everything you can see, everything around us. I was at the Hall of Records today.  That bother you?",chinatown,gittes
L130315,u4477,m296,GITTES,"The one your husband opposed. They're conning L.A. into building it, only the water won't go to L.A. It'll go here.",chinatown,gittes
L130313,u4477,m296,GITTES,That dam is a con job.,chinatown,gittes
L130150,u4477,m296,GITTES,"Before this I turned on the faucet, it came out hot and cold, I didn't think there was a thing to it.",chinatown,gittes
L130147,u4477,m296,GITTES,What about you? Do you and your father get along?,chinatown,gittes
L130145,u4477,m296,GITTES,You sure shout that?,chinatown,gittes
L130143,u4477,m296,GITTES,Never forgave him for what?,chinatown,gittes
L130141,u4477,m296,GITTES,"Oh, yeah?",chinatown,gittes
L130139,u4477,m296,GITTES,Then it was over the water department.,chinatown,gittes
L130137,u4477,m296,GITTES,"Over the water department, or over you?",chinatown,gittes
L130135,u4477,m296,GITTES,Is there something upsetting about my asking about your father?,chinatown,gittes
L130133,u4477,m296,GITTES,"You've got one going, Mrs. Mulwray.",chinatown,gittes
L130132,u4477,m296,GITTES,So you married your father's business partner?,chinatown,gittes
L130130,u4477,m296,GITTES,"Your father is Julian Cross, isn't he?",chinatown,gittes
L130127,u4477,m296,GITTES,"Money. How they plan to make it by emptying the reservoirs, that I don't know.",chinatown,gittes
L130075,u4477,m296,GITTES,"Wait a minute, sonny.  I think you better come with me.",chinatown,gittes
L130068,u4477,m296,GITTES,Another satisfied client's wife.,chinatown,gittes
L130062,u4477,m296,GITTES,More like other people putting their business in my nose.,chinatown,gittes
L130060,u4477,m296,GITTES,Been meaning to talk to you about that.,chinatown,gittes
L130055,u4477,m296,GITTES,"No, not for that one.",chinatown,gittes
L130053,u4477,m296,GITTES,No. I'm just a snoop.,chinatown,gittes
L130051,u4477,m296,GITTES,No reason.,chinatown,gittes
L130049,u4477,m296,GITTES,That your maiden name?,chinatown,gittes
L130045,u4477,m296,GITTES,For very long?,chinatown,gittes
L130044,u4477,m296,GITTES,"You were seeing someone, too.",chinatown,gittes
L130042,u4477,m296,GITTES,You mean you don't know where you were?,chinatown,gittes
L130040,u4477,m296,GITTES,Where you were when your husband died.,chinatown,gittes
L130037,u4477,m296,GITTES,Did he know?,chinatown,gittes
L130035,u4477,m296,GITTES,Did you have affairs?,chinatown,gittes
L130032,u4477,m296,GITTES,She's cheating on him.,chinatown,gittes
L130030,u4477,m296,GITTES,"Look, I do matrimonial work, It's my metiay.  When a wife tells me she's happy her husband is cheating on her it runs contrary to my experience.",chinatown,gittes
L130028,u4477,m296,GITTES,"You'll have to explain that, Mrs. Mulwray.",chinatown,gittes
L130026,u4477,m296,GITTES,And you weren't the slightest bit upset about it?,chinatown,gittes
L130025,u4477,m296,GITTES,He told you?,chinatown,gittes
L130019,u4477,m296,GITTES,If your husband was killed it was.  This can look like you paid me off to withhold evidence.,chinatown,gittes
L130017,u4477,m296,GITTES,"Sorry. Look, you sue me, your husband dies, you drop the lawsuit like a hot potato, and all of it quicker than wind from a duck's ass. Excuse me. Then you ask me to lie to the police.",chinatown,gittes
L130015,u4477,m296,GITTES,I think so. Something besides your husband's death was bothering you. You were upset but not that upset.,chinatown,gittes
L130013,u4477,m296,GITTES,Stop it. The money's fine. It's generous but you've shortchanged me on the story.,chinatown,gittes
L130011,u4477,m296,GITTES,"Mrs. Mulwray, I'm afraid that's not good enough.",chinatown,gittes
L130009,u4477,m296,GITTES,I got your check in the mall.,chinatown,gittes
L129927,u4477,m296,GITTES,A check?,chinatown,gittes
L129924,u4477,m296,GITTES,You left your keys in the ignition.,chinatown,gittes
L129922,u4477,m296,GITTES,Mrs. Mulwray?... Mrs. Mulwray.,chinatown,gittes
L129858,u4477,m296,GITTES,I'll stop by.,chinatown,gittes
L129856,u4477,m296,GITTES,Looks like you went quite a distance.,chinatown,gittes
L129854,u4477,m296,GITTES,"Look at it this way. Now this phony broad, excuse the language, says she's you, she's hired me. Whoever put her up to it, didn't have anything against me. They were out to get your husband. Now if I see him, I can help him.  Did you talk this morning?",chinatown,gittes
L129852,u4477,m296,GITTES,"Nothing personal, Mrs. Mulwray, I just --",chinatown,gittes
L129850,u4477,m296,GITTES,"Well, that little girlfriend, she was attractive in a cheap sort of way of course.  She's disappeared. Maybe they disappeared together somewhere.",chinatown,gittes
L129848,u4477,m296,GITTES,"May I speak frankly, Mrs. Mulwray?",chinatown,gittes
L129846,u4477,m296,GITTES,"You see, somebody went to a lot of trouble here, and I want to find out, lawsuit or no lawsuit. I'm not the one who's supposed to be caught with my pants down... so I'd like to see your husband. Unless that's a problem.",chinatown,gittes
L129845,u4477,m296,GITTES,"Well, I've been accused of many things, Mrs. Mulwray, but never that.",chinatown,gittes
L129843,u4477,m296,GITTES,I should talk this over with your husband.,chinatown,gittes
L129842,u4477,m296,GITTES,I don't want to drop it.,chinatown,gittes
L129840,u4477,m296,GITTES,Mrs. Mulwray?,chinatown,gittes
L129837,u4477,m296,GITTES,What?,chinatown,gittes
L129835,u4477,m296,GITTES,"I'm just trying to make a living, and I don't want to become a local Joke.",chinatown,gittes
L129834,u4477,m296,GITTES,"Anyway... I... the point is, Mrs. Mulwray.  I'm not in business to be loved, but I am in business, and believe me, whoever set up your husband, set me up. L.A.'s a small town, people talk.",chinatown,gittes
L129832,u4477,m296,GITTES,Actually he's not. And he's moved from his apartment at the El Macando.,chinatown,gittes
L129830,u4477,m296,GITTES,"Yeah. Fine, thank you.",chinatown,gittes
L129828,u4477,m296,GITTES,What are you having?,chinatown,gittes
L129773,u4477,m296,GITTES,"Now wait a minute, Mrs. Mulwray...",chinatown,gittes
L129771,u4477,m296,GITTES,Not that Mulwray?,chinatown,gittes
L129789,u4477,m296,GITTES,"Get me the Times. Whitey Mehrholtz.  And how about that snotty broad?  What does she think, she's perfect? Coming in waving her lawyers and her money at me  so goddam smug. She's no better than anybody else in this town.",chinatown,gittes
L129787,u4477,m296,GITTES,Sophie.,chinatown,gittes
L129754,u4477,m296,GITTES,"Sophie, go to the little girl's room for a minute.",chinatown,gittes
L129705,u4477,m296,GITTES,Walsh here?,chinatown,gittes
L130641,u4477,m296,GITTES,"Sophie... is Walsh there?... yeah, listen, pal, Escobar's going to try and book me in about five minutes... relax, I'll tell you. Wait in the office for two hours. If you don't hear from me, you and Duffy meet me at 1712 Alameda.",chinatown,gittes
L129713,u4477,m296,GITTES,Oh yeah? You pick up the watch?,chinatown,gittes
L129711,u4477,m296,GITTES,"Listen, we can't string this broad out indefinitely we got to come up with something.",chinatown,gittes
L129709,u4477,m296,GITTES,"Jesus Christ, this guy's really got water on the brain.",chinatown,gittes
L129707,u4477,m296,GITTES,Where'd he go yesterday?,chinatown,gittes
L130006,u4477,m296,GITTES,'Those people?' Miss Sessions.,chinatown,gittes
L130004,u4477,m296,GITTES,The obituary column?,chinatown,gittes
L130002,u4477,m296,GITTES,...Why don't you give me your address and we can talk this over?,chinatown,gittes
L130000,u4477,m296,GITTES,"I understand... if you could tell me who employed you, Miss Sessions. That could help us both.",chinatown,gittes
L129998,u4477,m296,GITTES,"Shut the fuck up!  ...Yes I remember nothing, Miss Sessions, just going over a detail or two with my associates... you were saying?",chinatown,gittes
L129996,u4477,m296,GITTES,When did you come in?,chinatown,gittes
L129994,u4477,m296,GITTES,"Isn't everybody? What can I do for you, Miss Sessions?",chinatown,gittes
L129992,u4477,m296,GITTES,"Hello, Miss Sessions. I don't believe we've had the pleasure.",chinatown,gittes
L129991,u4477,m296,GITTES,Okay.,chinatown,gittes
L129981,u4477,m296,GITTES,Don't know her. Take a number.,chinatown,gittes
L129979,u4477,m296,GITTES,Who?,chinatown,gittes
L129977,u4477,m296,GITTES,"Yeah, Sophie.",chinatown,gittes
L130352,u4477,m296,GITTES,"We understand, c'mon, sweetheart.",chinatown,gittes
L130350,u4477,m296,GITTES,Would you mind if we took a stroll on our own?,chinatown,gittes
L130348,u4477,m296,GITTES,"I wonder, is it too late for us to have a look around?",chinatown,gittes
L130346,u4477,m296,GITTES,That's exactly what we wanted to hear.,chinatown,gittes
L130344,u4477,m296,GITTES,"Just to be certain, I wonder if you could show us a list of your patients?",chinatown,gittes
L130343,u4477,m296,GITTES,"Don't be sorry, neither does Dad. Wanted to make sure though, didn't we, honey?",chinatown,gittes
L130341,u4477,m296,GITTES,Do you accept anyone of the Jewish persuasion?,chinatown,gittes
L130339,u4477,m296,GITTES,There's just one question.,chinatown,gittes
L130337,u4477,m296,GITTES,"Naturally, I want the best for him, money is no object.",chinatown,gittes
L130334,u4477,m296,GITTES,"Nothing to do with Dad. It's me, actually.",chinatown,gittes
L130123,u4477,m296,GITTES,I don't want to nail you. I just want to know who put you up to it. I'll give you a few days to think it over.  Call me. I can help. Who knows? Maybe we can lay the whole thing off on a few big shots and you can stay head of the department for the next twenty years.,chinatown,gittes
L130121,u4477,m296,GITTES,"Hard working, have a wife and kids...",chinatown,gittes
L130119,u4477,m296,GITTES,"You're a married man, am I right?",chinatown,gittes
L130117,u4477,m296,GITTES,That's like saying they're in Arizona.,chinatown,gittes
L130115,u4477,m296,GITTES,"Yeah, a little runoff. Where are those orchards?",chinatown,gittes
L130113,u4477,m296,GITTES,"Well, Whitey Mehrholtz over at the Times will. Dumping thousands of gallons of water down the toilet in the middle of a drought.  That's news.",chinatown,gittes
L130111,u4477,m296,GITTES,"Well, look at it this way, Mr. Yelburton.  Mulwray didn't want to build a dam and he had a reputation that was hard to get around, so. you decided to ruin it. Then he found out that you were dumping water every night. Then he was drowned.",chinatown,gittes
L130109,u4477,m296,GITTES,"Neither do I, actually. But you hired me or you hired that chippie to hire me.",chinatown,gittes
L130107,u4477,m296,GITTES,I never was.,chinatown,gittes
L130105,u4477,m296,GITTES,Only when I breathe.,chinatown,gittes
L130103,u4477,m296,GITTES,I cut myself shaving.,chinatown,gittes
L130101,u4477,m296,GITTES,"Yeah, must be especially tough to take over under these circumstances.",chinatown,gittes
L129818,u4477,m296,GITTES,"Relax, Mulvihill, glad to see you.  Do you know Claude Mulvihill here?",chinatown,gittes
L129813,u4477,m296,GITTES,Mind if I take one of your cards? In case I want to get in touch with you again.,chinatown,gittes
L129812,u4477,m296,GITTES,"Well, tell him I'll be back.",chinatown,gittes
L129810,u4477,m296,GITTES,You don't happen to know where Mr. Mulwray's having lunch?,chinatown,gittes
L129809,u4477,m296,GITTES,Maybe he takes it very seriously.,chinatown,gittes
L129807,u4477,m296,GITTES,And Mulwray isn't?,chinatown,gittes
L129803,u4477,m296,GITTES,J.J. Gittes. And it's not a departmental matter.,chinatown,gittes
L129769,u4477,m296,GITTES,Never.,chinatown,gittes
L129767,u4477,m296,GITTES,"Well, no.",chinatown,gittes
L129765,u4477,m296,GITTES,Well... I think I... I would've remembered.,chinatown,gittes
L129763,u4477,m296,GITTES,Yes?,chinatown,gittes
L129968,u4477,m296,GITTES,When it comes? What'd you tell him?,chinatown,gittes
L129966,u4477,m296,GITTES,What about the water?,chinatown,gittes
L129963,u4477,m296,GITTES,Didn't you talk to a man here... few days ago... wore glasses... he...,chinatown,gittes
L129961,u4477,m296,GITTES,Speak English?... Habla Ingles?,chinatown,gittes
L129957,u4477,m296,GITTES,"Yeah, well he ain't gonna drown in a damp riverbed either, I don't care how soused he was. That's like drowning in a teaspoon.",chinatown,gittes
L129955,u4477,m296,GITTES,"It's bone dry, Morty.",chinatown,gittes
L129953,u4477,m296,GITTES,The L.A. River?,chinatown,gittes
L129951,u4477,m296,GITTES,Come again?,chinatown,gittes
L129944,u4477,m296,GITTES,"So how are you, Morty?",chinatown,gittes
L129942,u4477,m296,GITTES,Yeah. Banged up pretty bad.,chinatown,gittes
L129940,u4477,m296,GITTES,"Nothin', Morty, it's my lunch hour, I thought I'd drop by and see who died lately.",chinatown,gittes
L130496,u4477,m296,GITTES,"Well, tell you what, pal. If Ida wants to see me she can call me at my office.",chinatown,gittes
L130494,u4477,m296,GITTES,Yeah?... I do?,chinatown,gittes
L129693,u4477,m296,GITTES,"This type of investigation can be hard on your pocketbook, Mrs. Mulwray. It takes time.",chinatown,gittes
L129690,u4477,m296,GITTES,Water and Power?,chinatown,gittes
L129688,u4477,m296,GITTES,"All right, what's your husband's first name?",chinatown,gittes
L129686,u4477,m296,GITTES,"I'm sure he loves you, too. You know the expression, let sleeping dogs lie? You're better off not knowing.",chinatown,gittes
L129684,u4477,m296,GITTES,Then go home and forget about it.,chinatown,gittes
L129682,u4477,m296,GITTES,"Mrs. Mulwray, do you love your husband?",chinatown,gittes
L129680,u4477,m296,GITTES,"Now, what makes you certain he is involved with someone?",chinatown,gittes
L129678,u4477,m296,GITTES,"I'm afraid not, Mrs. Mulwray. These men are my operatives and at some point they're going to assist me. I can't do everything myself.",chinatown,gittes
L129676,u4477,m296,GITTES,I am sorry.,chinatown,gittes
L129674,u4477,m296,GITTES,"No, really?",chinatown,gittes
L129672,u4477,m296,GITTES,"Now, Mrs. Mulwray, what seems to be the problem?",chinatown,gittes
L129670,u4477,m296,GITTES,"How do you do, Mrs. Mulwray?",chinatown,gittes
L130286,u4477,m296,GITTES,"Yeah, I'll do that.",chinatown,gittes
L130282,u4477,m296,GITTES,"That's swell. But how about here?  Ever worked for Robert Knox, Emma Dill, Clarence Speer, Marian Parsons, or Jasper Lamar Crabb?",chinatown,gittes
L130280,u4477,m296,GITTES,Yeah.  Do you have any references?,chinatown,gittes
L130097,u4477,m296,GITTES,They were partners.,chinatown,gittes
L130095,u4477,m296,GITTES,Mulwray? I thought you said Cross owned the department.,chinatown,gittes
L130093,u4477,m296,GITTES,How did they get it away from him?,chinatown,gittes
L130091,u4477,m296,GITTES,He owned the entire water supply for the city?,chinatown,gittes
L130089,u4477,m296,GITTES,He owned the water department?,chinatown,gittes
L130087,u4477,m296,GITTES,He did or he didn't?,chinatown,gittes
L130085,u4477,m296,GITTES,Julian Cross worked for the water department?,chinatown,gittes
L130083,u4477,m296,GITTES,I take a long lunch. All day sometimes.,chinatown,gittes
L130081,u4477,m296,GITTES,Well I'm on my lunch hour. I'll wait.,chinatown,gittes
L129801,u4477,m296,GITTES,Fifteen minutes ago. Why don't I go in and wait?,chinatown,gittes
L129799,u4477,m296,GITTES,Gee whiz.  And I'm late.,chinatown,gittes
L129797,u4477,m296,GITTES,It's personal. Has he been out long?,chinatown,gittes
L129795,u4477,m296,GITTES,Gittes.,chinatown,gittes
L129793,u4477,m296,GITTES,"Mr. Mulwray, please.",chinatown,gittes
L130748,u4477,m296,GITTES,"Gimme your keys. Watch this old fart, will you?  Take Duffy's car. Curly's boat's in Pedro, near the Starkist cannery. It's the Evening Star. He'll be waiting. I'll take care of this.",chinatown,gittes
L130746,u4477,m296,GITTES,"Duffy, go over and sit on Mulvihill.  Jesus Christ, I didn't tell you to bring the police department with you.",chinatown,gittes
L129988,u4477,m296,GITTES,"Yeah. What's wrong with you guys? Think ahead. We find 'em, sue 'em. We'll make a killing.  We'll have dinner at Chasen's twice a week, we'll be pissing on ice the rest of our lives.",chinatown,gittes
L129984,u4477,m296,GITTES,I don't want Mulvihill.  I want the big boys that are making the payoffs.,chinatown,gittes
L129792,u4477,m296,GITTES,They're all a bunch of phonies.,chinatown,gittes
L129786,u4477,m296,GITTES,When I find out who that phony bitch was.,chinatown,gittes
L129784,u4477,m296,GITTES,All she needed for that was the phone book!,chinatown,gittes
L129725,u4477,m296,GITTES,"Let me explain something to you, Walsh. This business requires a certain finesse.",chinatown,gittes
L129723,u4477,m296,GITTES,"Jesus Christ, Walsh. That's what you spent your day doing?",chinatown,gittes
L129721,u4477,m296,GITTES,Apple core?,chinatown,gittes
L129717,u4477,m296,GITTES,This?,chinatown,gittes
L129741,u4477,m296,GITTES,Neither do I.,chinatown,gittes
L129739,u4477,m296,GITTES,"Tell me, how many people a week do you foreclose on?",chinatown,gittes
L129737,u4477,m296,GITTES,Oh? What do you do to make ends meet?,chinatown,gittes
L129735,u4477,m296,GITTES,"What's that, pal?",chinatown,gittes
L130174,u4477,m296,GITTES,You don't say?,chinatown,gittes
L130172,u4477,m296,GITTES,"We missed the best of it, didn't we, pal?",chinatown,gittes
L130170,u4477,m296,GITTES,Why'd she run away?,chinatown,gittes
L130168,u4477,m296,GITTES,"Well, you never know, do you?",chinatown,gittes
L130165,u4477,m296,GITTES,She ran away?,chinatown,gittes
L130163,u4477,m296,GITTES,You must be thinking of a different daughter.,chinatown,gittes
L130161,u4477,m296,GITTES,She ain't exactly long in the tooth now.,chinatown,gittes
L130159,u4477,m296,GITTES,I'm working for his daughter.,chinatown,gittes
L130157,u4477,m296,GITTES,I'm going to see a man called Julian Cross. Ever heard of him?,chinatown,gittes
L130154,u4477,m296,GITTES,Not exactly.,chinatown,gittes
L134362,u4525,m299,DANTE,Like I'm responsible for all the smokers!,clerks.,dante
L134360,u4525,m299,DANTE,"Yeah, but not in here.",clerks.,dante
L134358,u4525,m299,DANTE,"That's it, everybody out.",clerks.,dante
L134352,u4525,m299,DANTE,"You're loitering in here, and causing a disturbance.",clerks.,dante
L134350,u4525,m299,DANTE,I think you'd better leave now.,clerks.,dante
L134348,u4525,m299,DANTE,"Hey, now wait a sec...",clerks.,dante
L134328,u4525,m299,DANTE,"If you're going to drink it in here, I'd appreciate it if you'd not bother the customers.",clerks.,dante
L134326,u4525,m299,DANTE,Maybe you should take that coffee outside.,clerks.,dante
L134324,u4525,m299,DANTE,Fifty-five.,clerks.,dante
L134315,u4525,m299,DANTE,"Excuse me, but...",clerks.,dante
L134303,u4525,m299,DANTE,Beats me.,clerks.,dante
L134291,u4525,m299,DANTE,Sure. Go ahead.,clerks.,dante
L134289,u4525,m299,DANTE,Thanks. Have a good one.,clerks.,dante
L135579,u4525,m299,DANTE,"There's a strange man in our bathroom, and he just raped Caitlin!",clerks.,dante
L135576,u4525,m299,DANTE,Call the police.,clerks.,dante
L135571,u4525,m299,DANTE,Are you sure somebody was back there?,clerks.,dante
L135568,u4525,m299,DANTE,I'm not fooling around!  Who went back there?,clerks.,dante
L135566,u4525,m299,DANTE,I'm not kidding. I just got back from outside.,clerks.,dante
L135564,u4525,m299,DANTE,No.,clerks.,dante
L135562,u4525,m299,DANTE,I'm serious.,clerks.,dante
L135559,u4525,m299,DANTE,Was it you?,clerks.,dante
L135557,u4525,m299,DANTE,It wasn't me.,clerks.,dante
L135550,u4525,m299,DANTE,Um... okay.,clerks.,dante
L135548,u4525,m299,DANTE,Like what?,clerks.,dante
L135543,u4525,m299,DANTE,I left like an hour ago.,clerks.,dante
L135447,u4525,m299,DANTE,What happened to the walk and the nakedness?,clerks.,dante
L135445,u4525,m299,DANTE,Who doesn't?,clerks.,dante
L135443,u4525,m299,DANTE,"He went to rent a movie, but he hasn't gotten back yet. Ah, screw it; I'll just lock the store up and leave him a note.",clerks.,dante
L135441,u4525,m299,DANTE,I'll ask Randal to close up for me when he gets back.,clerks.,dante
L135439,u4525,m299,DANTE,I'm just kidding.,clerks.,dante
L135437,u4525,m299,DANTE,So what are you saying?,clerks.,dante
L135435,u4525,m299,DANTE,He's your fiancé.,clerks.,dante
L135433,u4525,m299,DANTE,Sang.,clerks.,dante
L135431,u4525,m299,DANTE,What about Sing?,clerks.,dante
L135429,u4525,m299,DANTE,I hear that's a rather popular date.,clerks.,dante
L135427,u4525,m299,DANTE,You have a better suggestion?,clerks.,dante
L135425,u4525,m299,DANTE,Yes. A real date. Dinner and a movie.,clerks.,dante
L135423,u4525,m299,DANTE,Let me take you out tonight.,clerks.,dante
L135421,u4525,m299,DANTE,So... what? So we should just make pretend over the phone that we're dating?,clerks.,dante
L135419,u4525,m299,DANTE,Cute. Tell me you wouldn't want to go out again. After all the talking we've been doing.,clerks.,dante
L135417,u4525,m299,DANTE,"Give me a bit more credit. I think it's time we got back together, you know. I'm more mature, you're more mature, you're finishing college, I'm already in the job market...",clerks.,dante
L135415,u4525,m299,DANTE,"I would like to be your boyfriend, yes.",clerks.,dante
L135413,u4525,m299,DANTE,We could introduce them. They might hit it off.,clerks.,dante
L135411,u4525,m299,DANTE,But can we date?,clerks.,dante
L135409,u4525,m299,DANTE,So who's asking? I don't want to marry you.,clerks.,dante
L135407,u4525,m299,DANTE,"Jesus, you're caustic.",clerks.,dante
L135405,u4525,m299,DANTE,I just believe in giving credit where credit is due. And I believe that I'm the impetus behind your failure to wed.,clerks.,dante
L135403,u4525,m299,DANTE,You lie.,clerks.,dante
L135401,u4525,m299,DANTE,Tell me I don't have something to do with it.,clerks.,dante
L135399,u4525,m299,DANTE,"There's more, isn't there?",clerks.,dante
L135397,u4525,m299,DANTE,"If he's so nice, why aren't you going to marry him?",clerks.,dante
L135395,u4525,m299,DANTE,Sang? His name is a past tense?,clerks.,dante
L135393,u4525,m299,DANTE,What?,clerks.,dante
L135391,u4525,m299,DANTE,"Yeah, but not seriously. Christ, you're ready to walk down the aisle- I'd say that constitutes something more than just seeing somebody.",clerks.,dante
L135389,u4525,m299,DANTE,But you were.,clerks.,dante
L135387,u4525,m299,DANTE,And you came here to what? To comfort me?,clerks.,dante
L135385,u4525,m299,DANTE,Wreck is a harsh term. Disturbed is more like it. Mildly disturbed even.,clerks.,dante
L135383,u4525,m299,DANTE,Thanks for the vote of confidence.,clerks.,dante
L135381,u4525,m299,DANTE,How like her.,clerks.,dante
L135379,u4525,m299,DANTE,"No, you're not really getting married?",clerks.,dante
L135377,u4525,m299,DANTE,So you're really getting married?,clerks.,dante
L135375,u4525,m299,DANTE,How do you know that?,clerks.,dante
L135373,u4525,m299,DANTE,"Is that what they teach you at that school of yours? Kind of, sort of? Everyone knows about this except me! Do you know how humiliating that is?",clerks.,dante
L135371,u4525,m299,DANTE,And you said yes?,clerks.,dante
L135369,u4525,m299,DANTE,"You could've broke it to me gently, you know; at least started by telling me you had a boyfriend. I told you I have a girlfriend.",clerks.,dante
L135367,u4525,m299,DANTE,Were you going to tell me or just send me an invitation?,clerks.,dante
L135365,u4525,m299,DANTE,"What, it's worse? You're pregnant with an Asian design major's child?",clerks.,dante
L135363,u4525,m299,DANTE,"Very dramatic, I thought.",clerks.,dante
L135361,u4525,m299,DANTE,"I want to talk to you about something, and I don't want to be disturbed.",clerks.,dante
L135353,u4525,m299,DANTE,I can't believe you're here.,clerks.,dante
L135351,u4525,m299,DANTE,Let's not talk about that. How'd you get home?,clerks.,dante
L135348,u4525,m299,DANTE,My God. I haven't seen you since...,clerks.,dante
L135346,u4525,m299,DANTE,When did you get back?,clerks.,dante
L135611,u4525,m299,DANTE,She thought it was me.,clerks.,dante
L135609,u4525,m299,DANTE,What about Caitlin?,clerks.,dante
L135605,u4525,m299,DANTE,Well he asked me for it!,clerks.,dante
L135600,u4525,m299,DANTE,Was he alive when... Caitlin...,clerks.,dante
L135597,u4525,m299,DANTE,Everything happened at once. I guess I forgot he was back there.,clerks.,dante
L135595,u4525,m299,DANTE,Nobody. It was closed.,clerks.,dante
L135593,u4525,m299,DANTE,We did.,clerks.,dante
L135591,u4525,m299,DANTE,Just me.,clerks.,dante
L135586,u4525,m299,DANTE,Um... I don't know.  What time did hockey end?,clerks.,dante
L135584,u4525,m299,DANTE,I don't know. He just came in and asked to use the bathroom.,clerks.,dante
L135358,u4525,m299,DANTE,So I'm told.,clerks.,dante
L135355,u4525,m299,DANTE,"To the back, above the oil.  How long are you staying?",clerks.,dante
L135214,u4525,m299,DANTE,"I know. I'm sorry. Let me refund your cigarette money, and we'll call it even.",clerks.,dante
L135212,u4525,m299,DANTE,"Sir! Sir, I'm sorry! He didn't mean it! He was trying to get me.",clerks.,dante
L135201,u4525,m299,DANTE,They certainly do. Two fifty-five.,clerks.,dante
L135199,u4525,m299,DANTE,"My point is that you're a clerk, paid to do a job. You can't just do anything you want while you're working.",clerks.,dante
L135194,u4525,m299,DANTE,Yes.,clerks.,dante
L135016,u4525,m299,DANTE,That's easy to say from over here.,clerks.,dante
L135014,u4525,m299,DANTE,Like you're better!,clerks.,dante
L135010,u4525,m299,DANTE,Who are you to make assessments?,clerks.,dante
L135008,u4525,m299,DANTE,I can pass!,clerks.,dante
L135006,u4525,m299,DANTE,In a second!,clerks.,dante
L135000,u4525,m299,DANTE,If you can just wait a few more minutes.,clerks.,dante
L134866,u4525,m299,DANTE,"We're sorry, ma'am. We got a little carried away.",clerks.,dante
L134864,u4525,m299,DANTE,Excuse me?,clerks.,dante
L134293,u4525,m299,DANTE,Yeah.,clerks.,dante
L135032,u4525,m299,DANTE,"We get... what... twelve minutes of game, and it's over? Fuck! Fuck! Fuck! Fuck!!  I'm not even supposed to be here today!",clerks.,dante
L135027,u4525,m299,DANTE,You only brought one ball?!,clerks.,dante
L134985,u4525,m299,DANTE,"All right. Jesus, you fuckers are pushy.",clerks.,dante
L134978,u4525,m299,DANTE,I've got a responsibility here. I can't let everybody grab free drinks.,clerks.,dante
L134976,u4525,m299,DANTE,So? So nobody's going to want to pay for these Gatorades.,clerks.,dante
L134974,u4525,m299,DANTE,"If you grab a Gatorade, then everybody's going to grab one.",clerks.,dante
L135791,u4525,m299,DANTE,Get the fuck outta here already.,clerks.,dante
L135789,u4525,m299,DANTE,To say the least.,clerks.,dante
L135787,u4525,m299,DANTE,No thanks. I'll take care of it. We've got a lot of shit to talk about.,clerks.,dante
L135785,u4525,m299,DANTE,I'll call you. Let you know.,clerks.,dante
L135783,u4525,m299,DANTE,I'm calling out. Going to hit the hospital-see how Caitlin is. Then try to see Veronica.,clerks.,dante
L135781,u4525,m299,DANTE,Do you work tomorrow?,clerks.,dante
L135779,u4525,m299,DANTE,You need a ride?,clerks.,dante
L135776,u4525,m299,DANTE,"You get my slapped with a fine, you fight with the customers and I have to patch everything up. You get us chased out of a funeral by violating a corpse. To top it all off, you ruin my relationship. What's your encore? Do you anally rape my mother while pouring sugar in my gas tank?  You know what the real tragedy is? I'm not even supposed to be here today!",clerks.,dante
L135774,u4525,m299,DANTE,Unless you're out renting videos at other video stores.,clerks.,dante
L135772,u4525,m299,DANTE,Which means the video store is ostensibly closed.,clerks.,dante
L135770,u4525,m299,DANTE,You were over half an hour late. Then all you do is come over here.,clerks.,dante
L135768,u4525,m299,DANTE,What time did you get to work today?,clerks.,dante
L135766,u4525,m299,DANTE,"What don't you do?  Randal, sometimes it seems like the only reason you come to work is to make my life miserable.",clerks.,dante
L135764,u4525,m299,DANTE,Why do I say that?  Randal... forget it.,clerks.,dante
L135762,u4525,m299,DANTE,Oh please! I'm surprised I didn't kill you.,clerks.,dante
L135760,u4525,m299,DANTE,Jesus.,clerks.,dante
L135758,u4525,m299,DANTE,Thanks.,clerks.,dante
L135756,u4525,m299,DANTE,Why the fuck did you tell Veronica that I was going to dump her for Caitlin?,clerks.,dante
L135753,u4525,m299,DANTE,The swelling's not so bad. But the FDS stings.  How's your neck?,clerks.,dante
L135666,u4525,m299,DANTE,Point is-I'm not the kind of person that disrupts things in order to shit comfortably.,clerks.,dante
L135664,u4525,m299,DANTE,"My mother told me once that when I as three, my potty lid was closed, and instead of lifting it, I chose to shit my pants.",clerks.,dante
L135662,u4525,m299,DANTE,"Jesus H. Christ, I can't!",clerks.,dante
L135660,u4525,m299,DANTE,"I can't, all right! Jesus, would you leave me alone? I can't make changes like that in my life. If I could, I would-but I don't have the ability to risk comfortable situations on the big money and the fabulous prizes.",clerks.,dante
L135658,u4525,m299,DANTE,"What do you want me to say? Yes, I suppose some of the things you're saying may be true. But that's the way things are; it's not going to change.",clerks.,dante
L135656,u4525,m299,DANTE,Caitlin and I can't be together. It's impossible.,clerks.,dante
L135654,u4525,m299,DANTE,"You're wrong. Things happened today, okay? Things that probably ruined my chances with Caitlin.",clerks.,dante
L135652,u4525,m299,DANTE,...If I wasn't such a fucking coward.  It must be so great to be able to simplify everything the way you do.,clerks.,dante
L135650,u4525,m299,DANTE,Leave me alone.,clerks.,dante
L135648,u4525,m299,DANTE,Leave her out of this.,clerks.,dante
L135646,u4525,m299,DANTE,Thank you. Why don't you go back to the video store?,clerks.,dante
L135644,u4525,m299,DANTE,"Oh, like your life's any better?",clerks.,dante
L135640,u4525,m299,DANTE,As if it's that easy.,clerks.,dante
L135638,u4525,m299,DANTE,What responsibility?,clerks.,dante
L135636,u4525,m299,DANTE,Fuck you.,clerks.,dante
L135634,u4525,m299,DANTE,What are you talking about?,clerks.,dante
L135632,u4525,m299,DANTE,I should shit or get off the pot.,clerks.,dante
L135630,u4525,m299,DANTE,I was born.,clerks.,dante
L135626,u4525,m299,DANTE,"My life is in the shitter right about now, so if you don't mind, I'd like to stew a bit.",clerks.,dante
L135624,u4525,m299,DANTE,"I'm stuck in this pit, earning less than slave wages, working on my day off, dealing with every backward fuck on the planet, the goddamn steel shutters are locked all day, I smell like shoe polish, I've got an ex- girlfriend who's catatonic after fucking a dead guy, and my present girlfriend has sucked thirty-six dicks.",clerks.,dante
L135622,u4525,m299,DANTE,Why do I have this life?,clerks.,dante
L135620,u4525,m299,DANTE,This life.,clerks.,dante
L135588,u4525,m299,DANTE,What time did we go to the funeral?,clerks.,dante
L135582,u4525,m299,DANTE,WOULD YOU SHUT THE FUCK UP?  WHO THE FUCK IS IN THE BATHROOM?,clerks.,dante
L135574,u4525,m299,DANTE,Shut the fuck up!,clerks.,dante
L135546,u4525,m299,DANTE,Could be.,clerks.,dante
L135540,u4525,m299,DANTE,I love your sexy talk. It's so... kindergarten: Poo-poo; wee-wee.,clerks.,dante
L135538,u4525,m299,DANTE,There's no lights back there.,clerks.,dante
L135536,u4525,m299,DANTE,Who eats cock?,clerks.,dante
L135496,u4525,m299,DANTE,I'll read the book.,clerks.,dante
L135494,u4525,m299,DANTE,"I might be leaving early to go out with Caitlin, in which case you'll have to close the store tonight.",clerks.,dante
L135492,u4525,m299,DANTE,"In my absence, try not to sell cigarettes to any newborns.",clerks.,dante
L135490,u4525,m299,DANTE,"No! Don't bring it up. I don't want to think about that now. Let me enjoy this hour of bliss. I'll think about all of that later. In the meantime, nobody mentions the V word.",clerks.,dante
L135488,u4525,m299,DANTE,This is my way of spitting water at life.,clerks.,dante
L135486,u4525,m299,DANTE,Watch the store while I go home and change.,clerks.,dante
L135484,u4525,m299,DANTE,"She went home, she's getting ready, and we're going out.",clerks.,dante
L135482,u4525,m299,DANTE,I'm not.,clerks.,dante
L135480,u4525,m299,DANTE,She's not going to marry that guy. She went home to tell her mother.,clerks.,dante
L135478,u4525,m299,DANTE,I'm not. She just left.,clerks.,dante
L135476,u4525,m299,DANTE,No. I'm happy because Caitlin came to see me.,clerks.,dante
L135474,u4525,m299,DANTE,I'm happy.,clerks.,dante
L135472,u4525,m299,DANTE,Because I'm happy.,clerks.,dante
L135470,u4525,m299,DANTE,I swear. I couldn't make this kind of hell up.,clerks.,dante
L135468,u4525,m299,DANTE,Because I'm here.,clerks.,dante
L135466,u4525,m299,DANTE,As opposed to the hundreds of other children you let buy cigarettes whenever you work here.,clerks.,dante
L135464,u4525,m299,DANTE,Little girl. Maybe five years old?,clerks.,dante
L135462,u4525,m299,DANTE,I don't; you did.,clerks.,dante
L135460,u4525,m299,DANTE,Living proof.,clerks.,dante
L135457,u4525,m299,DANTE,Five hundred dollars.,clerks.,dante
L135455,u4525,m299,DANTE,I got fined for selling cigarettes to a minor.,clerks.,dante
L135453,u4525,m299,DANTE,And this is what you rented?,clerks.,dante
L135451,u4525,m299,DANTE,What'd you rent?  Best of Both Worlds?,clerks.,dante
L135224,u4525,m299,DANTE,"Please, get the hell out of here.",clerks.,dante
L135222,u4525,m299,DANTE,You're a danger to both the dead and the living.,clerks.,dante
L135218,u4525,m299,DANTE,Jesus!,clerks.,dante
L135216,u4525,m299,DANTE,What the fuck did you do that for?,clerks.,dante
L135208,u4525,m299,DANTE,That's stretching it. You're not being asked to slay children or anything.,clerks.,dante
L135205,u4525,m299,DANTE,Exactly.,clerks.,dante
L135196,u4525,m299,DANTE,"It's going to have to do for now, considering that it's my car that's up for request.  Can I help you?",clerks.,dante
L135192,u4525,m299,DANTE,"There's a difference. Those were obligations. Obligations that could not have been met at any later date. Now renting videos-that's just gratuitous, not to mention illogical, considering you work in a video store.",clerks.,dante
L135190,u4525,m299,DANTE,"We are employees of Quick Stop Convenience and RST video, respectively. As such, we have certain responsibilities which-though it may seem cruel and unusual-does include manning our posts until closing.",clerks.,dante
L135188,u4525,m299,DANTE,May I be blunt with you?,clerks.,dante
L135186,u4525,m299,DANTE,Can you imagine being halfway decent to the customers at least some of the time?,clerks.,dante
L135180,u4525,m299,DANTE,You work in a video store!,clerks.,dante
L135178,u4525,m299,DANTE,You want to rent a movie.,clerks.,dante
L135176,u4525,m299,DANTE,Why should I loan you my car?,clerks.,dante
L135174,u4525,m299,DANTE,I don't want to talk to you.,clerks.,dante
L135163,u4525,m299,DANTE,Just... go! Go open the video store.,clerks.,dante
L135161,u4525,m299,DANTE,Her fucking body fell out!,clerks.,dante
L135159,u4525,m299,DANTE,Does anyone ever knock over a casket on purpose?,clerks.,dante
L135157,u4525,m299,DANTE,"You knocked the fucking casket over, for Chrissakes!",clerks.,dante
L135155,u4525,m299,DANTE,I can't fucking believe you!!,clerks.,dante
L135153,u4525,m299,DANTE,"I can't help it. At least when we were playing hockey outside, I could see if anyone wanted to go in.",clerks.,dante
L135151,u4525,m299,DANTE,I know it was a bad idea to close the store.,clerks.,dante
L135148,u4525,m299,DANTE,"Yeah. Like you said, you know. I guess everyone tries it, sooner of later.",clerks.,dante
L135146,u4525,m299,DANTE,You know.,clerks.,dante
L135144,u4525,m299,DANTE,I could never reach.,clerks.,dante
L135142,u4525,m299,DANTE,"He made it, hunhh?",clerks.,dante
L135140,u4525,m299,DANTE,His dick was in his mouth?,clerks.,dante
L135138,u4525,m299,DANTE,Who found him?,clerks.,dante
L135136,u4525,m299,DANTE,Because I never tried to suck my own dick?,clerks.,dante
L135134,u4525,m299,DANTE,No!,clerks.,dante
L135132,u4525,m299,DANTE,"Oh, my god.",clerks.,dante
L135130,u4525,m299,DANTE,Stop it.,clerks.,dante
L135128,u4525,m299,DANTE,Shut the hell up.,clerks.,dante
L135126,u4525,m299,DANTE,That's embarrassing?,clerks.,dante
L135124,u4525,m299,DANTE,How'd he die?,clerks.,dante
L135122,u4525,m299,DANTE,An embarrassing way to die.,clerks.,dante
L135120,u4525,m299,DANTE,Twenty-two; same as us.,clerks.,dante
L135118,u4525,m299,DANTE,Thanks for putting me in a tough spot. You're a good friend.,clerks.,dante
L135116,u4525,m299,DANTE,"Exactly, which means I can't close it for another hour so we can both go to a wake.",clerks.,dante
L135114,u4525,m299,DANTE,I can't close the store.,clerks.,dante
L135112,u4525,m299,DANTE,I'm not taking you to this funeral.,clerks.,dante
L135110,u4525,m299,DANTE,She meant nothing to you!,clerks.,dante
L135108,u4525,m299,DANTE,Don't be an asshole. Somebody has to stay with the store.,clerks.,dante
L135106,u4525,m299,DANTE,You hate people.,clerks.,dante
L135104,u4525,m299,DANTE,Stop it. This is beneath even you.,clerks.,dante
L135102,u4525,m299,DANTE,You hardly knew her!,clerks.,dante
L135100,u4525,m299,DANTE,You've gotta watch the store. I have to go to this.,clerks.,dante
L135098,u4525,m299,DANTE,Shit. What about tomorrow?,clerks.,dante
L135096,u4525,m299,DANTE,What!?,clerks.,dante
L135094,u4525,m299,DANTE,Why not?,clerks.,dante
L135092,u4525,m299,DANTE,I'm gonna go to her wake.,clerks.,dante
L135090,u4525,m299,DANTE,Number six.,clerks.,dante
L135088,u4525,m299,DANTE,I haven't seen her in almost two years.,clerks.,dante
L135084,u4525,m299,DANTE,How? When?,clerks.,dante
L135080,u4525,m299,DANTE,"Yeah, right.",clerks.,dante
L135078,u4525,m299,DANTE,I still can't believe Caitlin's getting married.,clerks.,dante
L135076,u4525,m299,DANTE,"""It's not like we're gonna sell out.""",clerks.,dante
L135074,u4525,m299,DANTE,Exactly. They drank it all.,clerks.,dante
L135072,u4525,m299,DANTE,Gatorade.,clerks.,dante
L135070,u4525,m299,DANTE,"Randal, twelve minutes is not a game! Jesus, it's barely a warm-up!",clerks.,dante
L135068,u4525,m299,DANTE,One ball!! They come all the way here... I close the damn store... for one ball!,clerks.,dante
L134993,u4525,m299,DANTE,We're not playing in the street.,clerks.,dante
L134991,u4525,m299,DANTE,I don't know. You going to lock the video store?,clerks.,dante
L134988,u4525,m299,DANTE,Can we not talk about this?,clerks.,dante
L134981,u4525,m299,DANTE,At least let me maintain some semblance of managerial control here.,clerks.,dante
L134972,u4525,m299,DANTE,I just want to play hockey like I was scheduled to.,clerks.,dante
L134970,u4525,m299,DANTE,I told him I had a game today. It's his own fault.,clerks.,dante
L134968,u4525,m299,DANTE,Pull my laces tighter.,clerks.,dante
L134964,u4525,m299,DANTE,You've got a customer.,clerks.,dante
L134962,u4525,m299,DANTE,I can't believe I'm going to miss the game!,clerks.,dante
L134960,u4525,m299,DANTE,Sorry.,clerks.,dante
L134958,u4525,m299,DANTE,Would you shut the hell up with that shit? It's not helping.,clerks.,dante
L134956,u4525,m299,DANTE,I'm going to miss the game.,clerks.,dante
L134954,u4525,m299,DANTE,You know what pisses me off the most?,clerks.,dante
L134952,u4525,m299,DANTE,I don't back down.,clerks.,dante
L134950,u4525,m299,DANTE,I know.,clerks.,dante
L134946,u4525,m299,DANTE,FUCK!,clerks.,dante
L134944,u4525,m299,DANTE,Not a fucking word! Slippery shit!,clerks.,dante
L134942,u4525,m299,DANTE,Can you believe this?!,clerks.,dante
L134937,u4525,m299,DANTE,The best Burtless movie ever made.,clerks.,dante
L134935,u4525,m299,DANTE,Can you come next door? I gotta make a phone call.,clerks.,dante
L134913,u4525,m299,DANTE,"Shut up!  Yes, I've calmed down, I'm still not happy about it, but I've been able to deal.",clerks.,dante
L134904,u4525,m299,DANTE,Veronica!,clerks.,dante
L134902,u4525,m299,DANTE,Because my ex-girlfriend is getting married.,clerks.,dante
L134885,u4525,m299,DANTE,Which ones?,clerks.,dante
L134883,u4525,m299,DANTE,The women that go through every gallon of milk looking for a later date. As if somewhere-beyond all the other gallons-is a container of milk that won't go bad for like a decade.,clerks.,dante
L134881,u4525,m299,DANTE,The milkmaids.,clerks.,dante
L134879,u4525,m299,DANTE,"It's not really anyone per se, it's more of separate groupings.",clerks.,dante
L134877,u4525,m299,DANTE,There aren't.,clerks.,dante
L134875,u4525,m299,DANTE,What for? They don't bother me if I don't bother them.,clerks.,dante
L134873,u4525,m299,DANTE,I'm gonna hear it tomorrow.,clerks.,dante
L134871,u4525,m299,DANTE,Why do you do things like that? You know she's going to come back and tell the boss.,clerks.,dante
L134861,u4525,m299,DANTE,Can we talk about this later?,clerks.,dante
L134859,u4525,m299,DANTE,What kind of show?,clerks.,dante
L134857,u4525,m299,DANTE,I guess not.,clerks.,dante
L134855,u4525,m299,DANTE,Nudie booth?,clerks.,dante
L134853,u4525,m299,DANTE,What's a jizz-mopper?,clerks.,dante
L134851,u4525,m299,DANTE,"Did you ever notice all the prices end in nine? Damn, that's eerie.",clerks.,dante
L134833,u4525,m299,DANTE,"I'll give him five more minutes then I'm calling the cops. I don't need this, man. I'm not even supposed to be here today.",clerks.,dante
L134831,u4525,m299,DANTE,He said it was important to have standards. He said nobody has pride anymore.,clerks.,dante
L134829,u4525,m299,DANTE,I told him that and he yelled at me.,clerks.,dante
L134827,u4525,m299,DANTE,Obviously not. Look at all the cartons that didn't make the grade.,clerks.,dante
L134825,u4525,m299,DANTE,Each egg has to be perfect.,clerks.,dante
L134823,u4525,m299,DANTE,He said he has to find a perfect dozen.,clerks.,dante
L134820,u4525,m299,DANTE,This guy is going through all of the eggs. Look.,clerks.,dante
L134818,u4525,m299,DANTE,Wait.,clerks.,dante
L134773,u4525,m299,DANTE,"All right, so even if independent contractors are working on the Death Star, why are you uneasy with its destruction?",clerks.,dante
L134771,u4525,m299,DANTE,"Not just Imperials, is what you're getting at.",clerks.,dante
L134769,u4525,m299,DANTE,So?,clerks.,dante
L134767,u4525,m299,DANTE,And the second time around...?,clerks.,dante
L134765,u4525,m299,DANTE,Basically.,clerks.,dante
L134763,u4525,m299,DANTE,And you figured it out?,clerks.,dante
L134761,u4525,m299,DANTE,Compliments of Lando Calrissian.,clerks.,dante
L134759,u4525,m299,DANTE,Luke blew it up. Give credit where it's due.,clerks.,dante
L134755,u4525,m299,DANTE,There's more?,clerks.,dante
L134751,u4525,m299,DANTE,I think they were Catholics.,clerks.,dante
L134749,u4525,m299,DANTE,More or less.,clerks.,dante
L134747,u4525,m299,DANTE,"It would stand to reason, yes.",clerks.,dante
L134743,u4525,m299,DANTE,I guess.,clerks.,dante
L134741,u4525,m299,DANTE,How do you mean?,clerks.,dante
L134739,u4525,m299,DANTE,The Emperor.,clerks.,dante
L134737,u4525,m299,DANTE,What's that?,clerks.,dante
L134735,u4525,m299,DANTE,"Empire had the better ending: Luke gets his hand cut off, and finds out Vader's his father; Han gets frozen and taken away by Boba Fett.  It ends on such a down note. And that's life-a series of down endings. All Jedi had was a bunch of Muppets.",clerks.,dante
L134733,u4525,m299,DANTE,Empire.,clerks.,dante
L134731,u4525,m299,DANTE,Didn't you hear me? Caitlin really is getting married.,clerks.,dante
L134729,u4525,m299,DANTE,Me pulling a can off some moron's fist.,clerks.,dante
L134727,u4525,m299,DANTE,Do you know that article is accurate? Caitlin's really getting married!,clerks.,dante
L134658,u4525,m299,DANTE,All four?,clerks.,dante
L134656,u4525,m299,DANTE,I think it's safe to say yes.,clerks.,dante
L134654,u4525,m299,DANTE,I think the arguments Veronica and I are having are some kind of manifestation of a subconscious desire to break away from her so that I can pursue the possibility of a more meaningful relationship with Caitlin.,clerks.,dante
L134652,u4525,m299,DANTE,...and she's looking to me for support. And I think that this is leading our relationship to a new level.,clerks.,dante
L134650,u4525,m299,DANTE,I'm talking to myself here.,clerks.,dante
L134648,u4525,m299,DANTE,"They are. When she calls me now, she's a different person-she's frightened and vulnerable. She's about to finish college and enter the real world. That's got to be scary for anyone.",clerks.,dante
L134646,u4525,m299,DANTE,"I'm serious. Aside from the cheating, we were a great couple.  That's what high school's all about-algebra, bad lunch, and infidelity.",clerks.,dante
L134644,u4525,m299,DANTE,Because there was a lot of good in our relationship.,clerks.,dante
L134642,u4525,m299,DANTE,It takes different strokes to move the world.,clerks.,dante
L134640,u4525,m299,DANTE,The two moved to Idaho together after graduation. They raise sheep.,clerks.,dante
L134638,u4525,m299,DANTE,Allan Harris.,clerks.,dante
L134636,u4525,m299,DANTE,Interesting postscript to that story: Do you know who wound up going with Brad Michaelson in the other dark bedroom?,clerks.,dante
L134634,u4525,m299,DANTE,"Great story, isn't it?",clerks.,dante
L134632,u4525,m299,DANTE,She was supposed to meet Brad Michaelson in a bedroom. She picked the wrong one. She had no idea I was even at the party.,clerks.,dante
L134630,u4525,m299,DANTE,I hit the lights and she freaks. Turns out she thought I was Brad Michaelson.,clerks.,dante
L134628,u4525,m299,DANTE,She called me Brad.,clerks.,dante
L134626,u4525,m299,DANTE,"In the middle of it, she calls me Brad.",clerks.,dante
L134624,u4525,m299,DANTE,Party at John K's-senior year. I get blitzed and pass out in his bedroom. Caitlin comes in and dives all over me.,clerks.,dante
L134622,u4525,m299,DANTE,Eight and a half.,clerks.,dante
L134620,u4525,m299,DANTE,Five years.,clerks.,dante
L134618,u4525,m299,DANTE,Seven months.,clerks.,dante
L134616,u4525,m299,DANTE,You win.,clerks.,dante
L134614,u4525,m299,DANTE,"I guess it's not really fighting. She just wants me to leave here, go back to school, get some direction.",clerks.,dante
L134612,u4525,m299,DANTE,"One fight a day with Veronica is about all I can stomach, thanks.",clerks.,dante
L134610,u4525,m299,DANTE,She called me.,clerks.,dante
L134608,u4525,m299,DANTE,You don't want to know.,clerks.,dante
L134605,u4525,m299,DANTE,Why?,clerks.,dante
L134603,u4525,m299,DANTE,"No, thanks.",clerks.,dante
L134600,u4525,m299,DANTE,Don't screw with it. It makes us look suspicious.,clerks.,dante
L134598,u4525,m299,DANTE,Shocking abuse of authority.,clerks.,dante
L134593,u4525,m299,DANTE,Go open the sore.,clerks.,dante
L134591,u4525,m299,DANTE,He assured me that he'd be here by twelve.,clerks.,dante
L134588,u4525,m299,DANTE,That's what I said.,clerks.,dante
L134586,u4525,m299,DANTE,Someone jammed gum in the locks.,clerks.,dante
L134584,u4525,m299,DANTE,The boss called. Arthur fell ill.,clerks.,dante
L134582,u4525,m299,DANTE,You're late.,clerks.,dante
L135308,u4525,m299,DANTE,"Jesus Christ, what next?",clerks.,dante
L135302,u4525,m299,DANTE,THE GLADES MOTEL?,clerks.,dante
L135294,u4525,m299,DANTE,You know him?,clerks.,dante
L135277,u4525,m299,DANTE,You're Alyssa's sister? Heather?,clerks.,dante
L135275,u4525,m299,DANTE,Caitlin Bree. Yeah?,clerks.,dante
L135273,u4525,m299,DANTE,Do I know you?,clerks.,dante
L135263,u4525,m299,DANTE,I don't have love handles.,clerks.,dante
L135248,u4525,m299,DANTE,I know I can bench more than that!,clerks.,dante
L135240,u4525,m299,DANTE,Thirty-fire.,clerks.,dante
L135326,u4525,m299,DANTE,But I didn't sell cigarettes to any kids! Hey!,clerks.,dante
L135305,u4525,m299,DANTE,What? When? When did all this shit happen?,clerks.,dante
L135300,u4525,m299,DANTE,I... I don't believe this...,clerks.,dante
L135298,u4525,m299,DANTE,Wait a second!  You used to sleep with Caitlin Bree? While I was dating her?,clerks.,dante
L135286,u4525,m299,DANTE,"No, she's getting married.",clerks.,dante
L135282,u4525,m299,DANTE,Yeah?,clerks.,dante
L135256,u4525,m299,DANTE,Oh for God's sake!,clerks.,dante
L135246,u4525,m299,DANTE,I don't know.,clerks.,dante
L135244,u4525,m299,DANTE,I am not.,clerks.,dante
L135235,u4525,m299,DANTE,What are you talking about? There's no fat on this body.,clerks.,dante
L135233,u4525,m299,DANTE,They are not.,clerks.,dante
L135231,u4525,m299,DANTE,I don't think so.,clerks.,dante
L135229,u4525,m299,DANTE,I didn't strain. I sighed.,clerks.,dante
L135712,u4525,m299,DANTE,Meaning?,clerks.,dante
L135710,u4525,m299,DANTE,She's my girlfriend.,clerks.,dante
L135708,u4525,m299,DANTE,I jacked the car up. All she did was loosen the nuts and put the tire on.,clerks.,dante
L135706,u4525,m299,DANTE,Maybe.,clerks.,dante
L135704,u4525,m299,DANTE,Lasagne.,clerks.,dante
L135702,u4525,m299,DANTE,Veronica.,clerks.,dante
L135700,u4525,m299,DANTE,"We were going to start again, I think.",clerks.,dante
L135698,u4525,m299,DANTE,Knock it off. That used to be my girlfriend.,clerks.,dante
L135696,u4525,m299,DANTE,I don't know. I wasn't watching.,clerks.,dante
L135694,u4525,m299,DANTE,He died in the bathroom.,clerks.,dante
L135692,u4525,m299,DANTE,I can't believe you just rolled a joint in here.,clerks.,dante
L135690,u4525,m299,DANTE,So.,clerks.,dante
L135688,u4525,m299,DANTE,"A dollar sixty-nine, plus tax.",clerks.,dante
L135686,u4525,m299,DANTE,You sell to people that can't stay away from an addiction.,clerks.,dante
L135684,u4525,m299,DANTE,The difference is you exploit a weakness.,clerks.,dante
L135682,u4525,m299,DANTE,It's not my store.,clerks.,dante
L135680,u4525,m299,DANTE,How do you figure... HEY! You can't roll a joint in here!,clerks.,dante
L135678,u4525,m299,DANTE,Nothing personal.,clerks.,dante
L135676,u4525,m299,DANTE,With you? I don't think so.,clerks.,dante
L135674,u4525,m299,DANTE,I should start.,clerks.,dante
L135672,u4525,m299,DANTE,A half hour.,clerks.,dante
L135670,u4525,m299,DANTE,One seventy-nine.,clerks.,dante
L135668,u4525,m299,DANTE,Done poisoning the youth for the day?,clerks.,dante
L135168,u4525,m299,DANTE,How many times I gotta tell you not to deal outside the store.,clerks.,dante
L135166,u4525,m299,DANTE,Go open the video store.,clerks.,dante
L135025,u4525,m299,DANTE,Are there any balls down there?!,clerks.,dante
L134561,u4525,m299,DANTE,"If you'll just tell me the title of your rental choice, I'll have him hold it for you.",clerks.,dante
L134559,u4525,m299,DANTE,"Actually, that's his night job.",clerks.,dante
L134557,u4525,m299,DANTE,No; he was probably just resting his eyes.,clerks.,dante
L134555,u4525,m299,DANTE,I'm sure he wasn't sleeping.,clerks.,dante
L135064,u4525,m299,DANTE,Here. Now leave me alone.,clerks.,dante
L135062,u4525,m299,DANTE,The porno mags?,clerks.,dante
L135060,u4525,m299,DANTE,I said go ahead.,clerks.,dante
L135058,u4525,m299,DANTE,"You know, you probably could've been home, already, in the time it's taken you to get in there.",clerks.,dante
L135056,u4525,m299,DANTE,Jesus... go ahead.,clerks.,dante
L135053,u4525,m299,DANTE,"Yeah, okay. Go ahead.",clerks.,dante
L135051,u4525,m299,DANTE,"Yeah, but...",clerks.,dante
L135049,u4525,m299,DANTE,"Actually, it is kind of rough.",clerks.,dante
L135047,u4525,m299,DANTE,The white kind.,clerks.,dante
L135045,u4525,m299,DANTE,Uh... sure. Go ahead. It's back through the cooler.,clerks.,dante
L135043,u4525,m299,DANTE,"Um... yeah, but it's for employees only.",clerks.,dante
L135041,u4525,m299,DANTE,Oh... Can I help you?,clerks.,dante
L135039,u4525,m299,DANTE,And he got cancer by chewing fluorescent bulb glass...?,clerks.,dante
L135035,u4525,m299,DANTE,I'm trying.,clerks.,dante
L135749,u4525,m299,DANTE,"Veronica, I love you...",clerks.,dante
L135747,u4525,m299,DANTE,Randal...?,clerks.,dante
L135745,u4525,m299,DANTE,I don't want to go back with her...,clerks.,dante
L135743,u4525,m299,DANTE,I don't want Caitlin...,clerks.,dante
L135741,u4525,m299,DANTE,"Veronica... I... it's not like that anymore... I mean, it was never really like that...",clerks.,dante
L135739,u4525,m299,DANTE,Would you let me explain...,clerks.,dante
L135737,u4525,m299,DANTE,A couple...?,clerks.,dante
L135735,u4525,m299,DANTE,It was only a few times...,clerks.,dante
L135733,u4525,m299,DANTE,What're you talking about?,clerks.,dante
L134930,u4525,m299,DANTE,Sure.,clerks.,dante
L134928,u4525,m299,DANTE,What time do you get finished?,clerks.,dante
L134926,u4525,m299,DANTE,I called a locksmith and he said the earliest he could get here it tomorrow.,clerks.,dante
L134924,u4525,m299,DANTE,Thank you for the lasagne.,clerks.,dante
L134922,u4525,m299,DANTE,...it isn't there. Yes.,clerks.,dante
L134920,u4525,m299,DANTE,"And he said most of them are college guys, I've never met or seen.",clerks.,dante
L134918,u4525,m299,DANTE,At least he wasn't thirty-six.,clerks.,dante
L134916,u4525,m299,DANTE,I had to tell someone. He put it into perspective.,clerks.,dante
L134910,u4525,m299,DANTE,Really?  You're the best.,clerks.,dante
L134908,u4525,m299,DANTE,What is it?,clerks.,dante
L134906,u4525,m299,DANTE,He still hasn't shown up. Why aren't you in class?,clerks.,dante
L134548,u4525,m299,DANTE,Thirty-seven. I just can't...,clerks.,dante
L134546,u4525,m299,DANTE,Every time I kiss you now I'm going to taste thirty-six other guys.,clerks.,dante
L134544,u4525,m299,DANTE,I feel sick.,clerks.,dante
L134542,u4525,m299,DANTE,"Well... why did you have to suck their dicks? Why didn't you just sleep with them, like any decent person?!",clerks.,dante
L134540,u4525,m299,DANTE,A few?,clerks.,dante
L134538,u4525,m299,DANTE,"No, but you sucked enough dick!",clerks.,dante
L134536,u4525,m299,DANTE,Hey! Where are you going?!,clerks.,dante
L134534,u4525,m299,DANTE,Thirty-seven?!  My girlfriend sucked thirty-seven dicks!,clerks.,dante
L134532,u4525,m299,DANTE,I'M THIRTY-SEVEN?,clerks.,dante
L134530,u4525,m299,DANTE,"What the hell is that anyway, ""something like thirty-six?"" Does that include me?",clerks.,dante
L134528,u4525,m299,DANTE,WHAT? SOMETHING LIKE THIRTY-SIX?,clerks.,dante
L134526,u4525,m299,DANTE,Well...?,clerks.,dante
L134525,u4525,m299,DANTE,This is different. This is important. How many?!,clerks.,dante
L134523,u4525,m299,DANTE,HOW MANY?,clerks.,dante
L134521,u4525,m299,DANTE,How many dicks have you sucked?!,clerks.,dante
L134519,u4525,m299,DANTE,How many?,clerks.,dante
L134517,u4525,m299,DANTE,"I did understand! I understand that you slept with three different guys, and that's all you said.",clerks.,dante
L134515,u4525,m299,DANTE,Oh my God-I feel so nauseous...,clerks.,dante
L134513,u4525,m299,DANTE,Oh my God! Why did you tell me you only slept with three guys?,clerks.,dante
L134511,u4525,m299,DANTE,You sucked his dick!,clerks.,dante
L134509,u4525,m299,DANTE,But... but you said you only had sex with three guys! You never mentioned him!,clerks.,dante
L134507,u4525,m299,DANTE,You sucked that guy's dick?,clerks.,dante
L134503,u4525,m299,DANTE,Like you said-she snowballed him.,clerks.,dante
L134501,u4525,m299,DANTE,Sylvan can be talked into anything.,clerks.,dante
L134499,u4525,m299,DANTE,He requested this?,clerks.,dante
L134497,u4525,m299,DANTE,What do you mean?,clerks.,dante
L134495,u4525,m299,DANTE,Why do you call him that?,clerks.,dante
L134481,u4525,m299,DANTE,Shit! Why are we getting up?,clerks.,dante
L134480,u4525,m299,DANTE,"Jesus, would you stop? You make my head hurt when you talk about this.",clerks.,dante
L134478,u4525,m299,DANTE,Can't we ever have a discussion without that coming up?,clerks.,dante
L134476,u4525,m299,DANTE,Where?,clerks.,dante
L134474,u4525,m299,DANTE,All right. Name it.,clerks.,dante
L134472,u4525,m299,DANTE,They put up the least amount of struggle.,clerks.,dante
L134470,u4525,m299,DANTE,"Animal, vegetable, or mineral.",clerks.,dante
L134468,u4525,m299,DANTE,Wow. That's great. That's something to be proud of.,clerks.,dante
L134466,u4525,m299,DANTE,"No; who were the three, besides me?",clerks.,dante
L134464,u4525,m299,DANTE,Who?,clerks.,dante
L134462,u4525,m299,DANTE,You've only had sex with three different people?,clerks.,dante
L134460,u4525,m299,DANTE,Three?,clerks.,dante
L134458,u4525,m299,DANTE,Do I get to hit you after you tell me?,clerks.,dante
L134456,u4525,m299,DANTE,Why'd you hit me?,clerks.,dante
L134454,u4525,m299,DANTE,What the hell was that for?,clerks.,dante
L134453,u4525,m299,DANTE,Including you; yes.,clerks.,dante
L134451,u4525,m299,DANTE,Twelve.,clerks.,dante
L134449,u4525,m299,DANTE,Including you?,clerks.,dante
L134447,u4525,m299,DANTE,How many different girls? Didn't we already have this discussion once?,clerks.,dante
L134445,u4525,m299,DANTE,How many what?,clerks.,dante
L134443,u4525,m299,DANTE,These are my opinions based on my experiences with the few women who were good enough to sleep with me.,clerks.,dante
L134441,u4525,m299,DANTE,It wasn't directed at you. I was making a broad generalization.,clerks.,dante
L134439,u4525,m299,DANTE,I touched a nerve.,clerks.,dante
L134437,u4525,m299,DANTE,Something wrong?,clerks.,dante
L134435,u4525,m299,DANTE,"A girl makes a guy cum, it's standard. A guy makes a girl cum, it's talent.",clerks.,dante
L134433,u4525,m299,DANTE,"Now, making a woman cum... therein lies a challenge.",clerks.,dante
L134431,u4525,m299,DANTE,Making a male climax is not all that challenging: insert somewhere close and preferably moist; thrust; repeat.,clerks.,dante
L134429,u4525,m299,DANTE,"Women? Women, as lovers, are all basically the same: they just have to be there.",clerks.,dante
L134427,u4525,m299,DANTE,How do you figure?,clerks.,dante
L134425,u4525,m299,DANTE,"Yeah, right. You can't get enough of me.",clerks.,dante
L134423,u4525,m299,DANTE,Really?,clerks.,dante
L134421,u4525,m299,DANTE,Why? You wanna have sex or something?,clerks.,dante
L134419,u4525,m299,DANTE,I had to use shoe polish to make that sign. The smell won't come off.,clerks.,dante
L134417,u4525,m299,DANTE,"Theoretically, people see money on the counter and nobody around, they think they're being watched.",clerks.,dante
L134415,u4525,m299,DANTE,Why do you say that?,clerks.,dante
L134413,u4525,m299,DANTE,Like three dollars in mixed change and a couple of singles. People only get the paper of coffee this time of morning.,clerks.,dante
L134406,u4525,m299,DANTE,"Oh, be real! Would you... Would you please hug me?  I just went through a very traumatic experience and I haven't been having the best day so far. Now come on.",clerks.,dante
L134404,u4525,m299,DANTE,What? What is that?,clerks.,dante
L134403,u4525,m299,DANTE,"Who's defensive?  Just... Would you just hug me?! All right? Your boyfriend was accosted by an angry mob, and he needs to be hugged.",clerks.,dante
L134401,u4525,m299,DANTE,Nothing! Jesus! I gotta fight with you now?,clerks.,dante
L134399,u4525,m299,DANTE,Hunhh? Nothing.,clerks.,dante
L134397,u4525,m299,DANTE,"I don't know-like two-thirty, three.",clerks.,dante
L134395,u4525,m299,DANTE,Bunch of savages in this town.,clerks.,dante
L134393,u4525,m299,DANTE,Somebody jammed the locks with gum.,clerks.,dante
L134391,u4525,m299,DANTE,"I'm only here until twelve, then I'm gone. The boss is coming in.",clerks.,dante
L134389,u4525,m299,DANTE,Yes! And I'm going to play like shit because I didn't get a good night's sleep!,clerks.,dante
L134387,u4525,m299,DANTE,The guy got sick and couldn't come in.,clerks.,dante
L134385,u4525,m299,DANTE,I'm not even supposed to be here today!,clerks.,dante
L134383,u4525,m299,DANTE,"Please, Veronica. Last thing I need is a lecture at this point.",clerks.,dante
L134381,u4525,m299,DANTE,I hate this fucking place.,clerks.,dante
L134379,u4525,m299,DANTE,Too hard?! I don't have enough indignities in my life-people start throwing cigarettes at me!,clerks.,dante
L134725,u4525,m299,DANTE,A word of advice: Sometimes it's best to let those hard to reach chips go.,clerks.,dante
L134723,u4525,m299,DANTE,I'll throw this out. Precautionary measure.,clerks.,dante
L134721,u4525,m299,DANTE,I think it's coming now...,clerks.,dante
L134719,u4525,m299,DANTE,Maybe we should soap your hand or something.,clerks.,dante
L134717,u4525,m299,DANTE,You hold the counter and I'll pull.,clerks.,dante
L135324,u4525,m299,DANTE,I didn't sell cigarettes to any kids! I swear!,clerks.,dante
L135321,u4525,m299,DANTE,But I didn't sell cigarettes to any kid!,clerks.,dante
L135319,u4525,m299,DANTE,"Yeah, but I didn't sell cigarettes to any kids!",clerks.,dante
L135317,u4525,m299,DANTE,I didn't do that!,clerks.,dante
L135312,u4525,m299,DANTE,WHAT?,clerks.,dante
L135310,u4525,m299,DANTE,What's this?,clerks.,dante
L135270,u4525,m299,DANTE,Dante Hicks. Why? What is this about?,clerks.,dante
L135268,u4525,m299,DANTE,I'm not out of shape!,clerks.,dante
L135265,u4525,m299,DANTE,I've been here since six o'clock this morning. Why?,clerks.,dante
L135259,u4525,m299,DANTE,Yes.  I'm not out of shape.,clerks.,dante
L213162,u5262,m348,JACK,"No!  Look at you!  You're... you're running around in ski masks, exploding things...",fight club,jack
L213160,u5262,m348,JACK,Get your hands off him!  Get off...! What the hell do you think you're doing... ? Evidence?!  This is a man... !  You killed him!,fight club,jack
L213157,u5262,m348,JACK,What... ?,fight club,jack
L213135,u5262,m348,JACK,"Right, right.",fight club,jack
L213133,u5262,m348,JACK,Where's Tyler?,fight club,jack
L213201,u5262,m348,JACK,You are a moron.,fight club,jack
L213199,u5262,m348,JACK,Look at my face.  I'm a member.  I just need to know if you've seen Tyler Durden.,fight club,jack
L213197,u5262,m348,JACK,There's no one else here.,fight club,jack
L213195,u5262,m348,JACK,I need to know where Tyler is.  Can't you help me?,fight club,jack
L212872,u5262,m348,JACK,"Yeah, both of us.",fight club,jack
L212870,u5262,m348,JACK,Look at my face.,fight club,jack
L212868,u5262,m348,JACK,"Bob, Bob... I'm a member.",fight club,jack
L212866,u5262,m348,JACK,Oh.,fight club,jack
L212864,u5262,m348,JACK,"Really, what's that?",fight club,jack
L212862,u5262,m348,JACK,"Really?  Great.  Still ""Remaining Men Together?""",fight club,jack
L212860,u5262,m348,JACK,Bob.  I'm okay.  How are you?,fight club,jack
L212266,u5262,m348,JACK,Strangers with this kind of honesty make me go a big rubbery one.,fight club,jack
L212264,u5262,m348,JACK,Bob was a champion bodybuilder.  You know that chest expansion program you see on TV?  That was his idea.,fight club,jack
L212226,u5262,m348,JACK,"Six months ago, Bob's testicles were removed.  Then hormone therapy.  He developed bitch tits because his testosterone was too high and his body upped the estrogen.  That was where my head fit -- into his huge, sweating tits that hung enormous, the way we think of God's as big.",fight club,jack
L212225,u5262,m348,JACK,Yes.  We're men.  Men is what we are.,fight club,jack
L212223,u5262,m348,JACK,This was a support group for men with testicular cancer.  The big moosie slobbering all over me was Bob.,fight club,jack
L212888,u5262,m348,JACK,"What about this?  Keep me on payroll as an outside consultant.  In exchange for my salary, I'll keep my mouth shut.  I won't need to come to the office.  I can do this job from home.",fight club,jack
L212886,u5262,m348,JACK,"Let's pretend.  You're the Department of Transportation, and you discover that our company intentionally did nothing about leather seats cured in third world countries with chemicals we know cause birth defects?  Brake linings that fail after a thousand miles.  Fuel injectors that burn people alive.",fight club,jack
L212885,u5262,m348,JACK,I Am Jack's Complete Lack of Surprise.,fight club,jack
L212883,u5262,m348,JACK,We need to talk.,fight club,jack
L212821,u5262,m348,JACK,"""Abuse"" the copy machine.  There's an image.",fight club,jack
L212819,u5262,m348,JACK,Hmm?,fight club,jack
L212817,u5262,m348,JACK,I must've left the original in the copy machine.,fight club,jack
L212725,u5262,m348,JACK,"Some of it, yes.",fight club,jack
L212610,u5262,m348,JACK,Yes.,fight club,jack
L212608,u5262,m348,JACK,"After fight club, everything else in your life gets the volume turned down.  You can deal with anything.",fight club,jack
L212237,u5262,m348,JACK,He was full of pep.  Must've had his grande latte enema.,fight club,jack
L212235,u5262,m348,JACK,You want me to de-prioritize my current reports until you advise of a status upgrade?,fight club,jack
L212234,u5262,m348,JACK,"It must've been Tuesday.  he was wearing his ""cornflower-blue"" tie.",fight club,jack
L212756,u5262,m348,JACK,I'd like to thank the academy...,fight club,jack
L212755,u5262,m348,JACK,"No.  No, sir.  I loved that condo. I loved every stick of furniture. The lamps, the chairs, the rugs, were me.  The dishes were me.  The plants were...",fight club,jack
L212747,u5262,m348,JACK,Who do you think could've done this?,fight club,jack
L212745,u5262,m348,JACK,This is... really a shock...,fight club,jack
L212743,u5262,m348,JACK,What does that mean?,fight club,jack
L212741,u5262,m348,JACK,Dynamite?,fight club,jack
L212739,u5262,m348,JACK,"Yes, sire, strange.  Very strange.",fight club,jack
L212737,u5262,m348,JACK,I am Jack's Cold Sweat.,fight club,jack
L212736,u5262,m348,JACK,"No, I wasn't aware...",fight club,jack
L212734,u5262,m348,JACK,Yes?,fight club,jack
L212254,u5262,m348,JACK,I'm in pain.,fight club,jack
L212252,u5262,m348,JACK,"Red-and-blue Tuinal, lipstick-red Seconals.",fight club,jack
L212251,u5262,m348,JACK,Can't you give me something?,fight club,jack
L212249,u5262,m348,JACK,Maybe I died already.  Look at my face.,fight club,jack
L213510,u5262,m348,JACK,"I did, I think.  But, I'm okay... I'm fine...",fight club,jack
L213505,u5262,m348,JACK,Don't ask.,fight club,jack
L213362,u5262,m348,JACK,"Yes, fine.  Just, get on.  Stay away a couple of weeks, at least.",fight club,jack
L213360,u5262,m348,JACK,"I can't let myself see where you're going.  Go wherever it takes you, remember... keep away from major cities...",fight club,jack
L213358,u5262,m348,JACK,I'm begging you.  Get on the bus. Get on the bus.,fight club,jack
L213355,u5262,m348,JACK,"Okay, if that's what it takes, you'll never have to see me again.  Here... here...",fight club,jack
L213353,u5262,m348,JACK,"Do this for me, Marla.  Do this for me, if you never do anything else...",fight club,jack
L213349,u5262,m348,JACK,"I'm sorry, but I...",fight club,jack
L213346,u5262,m348,JACK,Marla...,fight club,jack
L213344,u5262,m348,JACK,"You have to get out of here.  Leave as soon as possible.  Go to any rural town, away from any major city...",fight club,jack
L213342,u5262,m348,JACK,"I'm trying to tell you -- and this is where you have to trust me -- but, I think your life might be in real danger.",fight club,jack
L213339,u5262,m348,JACK,"I mean, the depth and breadth of our relationship has only recently been illuminated for me.  I know this... I know us hasn't been such a great thing for you...",fight club,jack
L213337,u5262,m348,JACK,"I deserve that.  Anyway, I've... I've only just realized",fight club,jack
L213335,u5262,m348,JACK,I know that I've been... unwell.  I know it's been like there's two sides to me.,fight club,jack
L213329,u5262,m348,JACK,Because... I'm Tyler Durden.,fight club,jack
L213325,u5262,m348,JACK,"Absolutely, you have every right.  I need you to do me a favor.",fight club,jack
L213323,u5262,m348,JACK,"Give me a minute, Marla, alright... just sixty seconds.",fight club,jack
L213319,u5262,m348,JACK,Marla... I need to talk to you.  It's going to take a tremendous act of faith on your part for you to hear me out.,fight club,jack
L213317,u5262,m348,JACK,"I'm sorry, I...",fight club,jack
L213244,u5262,m348,JACK,"Marla, no, wait...",fight club,jack
L213242,u5262,m348,JACK,Say my name!  What's my name!?,fight club,jack
L213240,u5262,m348,JACK,Say my name.,fight club,jack
L213238,u5262,m348,JACK,What did you say... ?,fight club,jack
L213237,u5262,m348,JACK,We've just lost cabin pressure.,fight club,jack
L213235,u5262,m348,JACK,Answer the question!,fight club,jack
L213233,u5262,m348,JACK,We did make love?,fight club,jack
L213231,u5262,m348,JACK,"Will you just answer me, for Christsake?!",fight club,jack
L213229,u5262,m348,JACK,"Because the answer's ""yes"" or because the answer's ""no?""",fight club,jack
L213227,u5262,m348,JACK,"Marla, it's me.  Have we... have we ever had sex?",fight club,jack
L213143,u5262,m348,JACK,He's not here!  Tyler's not here anymore!  He's gone away!,fight club,jack
L213141,u5262,m348,JACK,He's not here.,fight club,jack
L213139,u5262,m348,JACK,The Paper Street Soap Company.,fight club,jack
L213098,u5262,m348,JACK,Let go of me...  Leave me alone.,fight club,jack
L213096,u5262,m348,JACK,Why would you ask if it's a guy or a girl?!,fight club,jack
L213094,u5262,m348,JACK,... A person.,fight club,jack
L213084,u5262,m348,JACK,No.,fight club,jack
L213081,u5262,m348,JACK,That... sawing and hammering.,fight club,jack
L213079,u5262,m348,JACK,You hear that?,fight club,jack
L213077,u5262,m348,JACK,I don't understand.  Why does a weak person have to go out and find a strong person... to hang onto?,fight club,jack
L213073,u5262,m348,JACK,I don't know.,fight club,jack
L213071,u5262,m348,JACK,When?,fight club,jack
L213069,u5262,m348,JACK,Really... I mean it.  Have you been going to your groups?,fight club,jack
L213067,u5262,m348,JACK,You... don't have to... leave.,fight club,jack
L212855,u5262,m348,JACK,Uh ... nah.,fight club,jack
L212853,u5262,m348,JACK,I think everything's okay here.,fight club,jack
L212851,u5262,m348,JACK,No... no problem.,fight club,jack
L212849,u5262,m348,JACK,Nothing.,fight club,jack
L212847,u5262,m348,JACK,"Okay.  Okay, I'm sure.",fight club,jack
L212843,u5262,m348,JACK,Here.,fight club,jack
L212841,u5262,m348,JACK,There?,fight club,jack
L212839,u5262,m348,JACK,Where?  Here?,fight club,jack
L212835,u5262,m348,JACK,"No, thanks.",fight club,jack
L212833,u5262,m348,JACK,"This is a sweet side of you.  Picking these up for ...  ""Mrs. Haniver"" and... ""Mrs. Raines."" Where are they?",fight club,jack
L212832,u5262,m348,JACK,She didn't call Tyler.  I'm neutral in her book.,fight club,jack
L212830,u5262,m348,JACK,I don't know ...,fight club,jack
L212828,u5262,m348,JACK,What are you talking about?,fight club,jack
L212775,u5262,m348,JACK,Goodbye.,fight club,jack
L212772,u5262,m348,JACK,It's time for you to leave.,fight club,jack
L212765,u5262,m348,JACK,It suits you.,fight club,jack
L212761,u5262,m348,JACK,Worth every penny.,fight club,jack
L212759,u5262,m348,JACK,"Except for their humping, Tyler and Marla were never in the same room.",fight club,jack
L212668,u5262,m348,JACK,What the hell are you doing here?,fight club,jack
L212666,u5262,m348,JACK,What are you doing here?,fight club,jack
L212660,u5262,m348,JACK,So you're staying in tonight?,fight club,jack
L212659,u5262,m348,JACK,This could go on for hours.,fight club,jack
L212657,u5262,m348,JACK,Picture yourself watching Marla Singer throw herself around her crummy apartment.,fight club,jack
L212655,u5262,m348,JACK,I'm just on my way out...,fight club,jack
L212653,u5262,m348,JACK,"Look, this is a bad time...",fight club,jack
L212651,u5262,m348,JACK,It's for men.,fight club,jack
L212649,u5262,m348,JACK,I found a new one.,fight club,jack
L212647,u5262,m348,JACK,That's the idea -- we split them.,fight club,jack
L212645,u5262,m348,JACK,How did you find me?,fight club,jack
L212644,u5262,m348,JACK,Marla?,fight club,jack
L212370,u5262,m348,JACK,In case we want to switch nights.,fight club,jack
L212368,u5262,m348,JACK,"Um... Marla, should we maybe exchange numbers?",fight club,jack
L212366,u5262,m348,JACK,Let's not make a big thing out of it.,fight club,jack
L212363,u5262,m348,JACK,We'll split it.  You get it the first and third Sunday of the month.,fight club,jack
L212360,u5262,m348,JACK,The girl had done her homework.,fight club,jack
L212355,u5262,m348,JACK,"Then, take blood parasites.  It's yours.  Now we each have three.",fight club,jack
L212353,u5262,m348,JACK,You can't have the whole brain!,fight club,jack
L212351,u5262,m348,JACK,Okay.  I'll take blood parasites and organic brain dementia --,fight club,jack
L212349,u5262,m348,JACK,You can't have both parasites.  You can take blood parasites --,fight club,jack
L212346,u5262,m348,JACK,You're kidding.,fight club,jack
L212344,u5262,m348,JACK,I think testicular cancer should be no contest.,fight club,jack
L212342,u5262,m348,JACK,"We'll split up the week.  You can have lymphoma, tuberculosis and --",fight club,jack
L212340,u5262,m348,JACK,Please.  Can't we do something... ?,fight club,jack
L212338,u5262,m348,JACK,"Look, I can't cry with a faker present.",fight club,jack
L212336,u5262,m348,JACK,It becomes an addiction.,fight club,jack
L212334,u5262,m348,JACK,Yeah.,fight club,jack
L212332,u5262,m348,JACK,"I... I don't know.  I guess... when people think you're dying, they really listen, instead...",fight club,jack
L212329,u5262,m348,JACK,Anyone who might've noticed either died or recovered and never came back.,fight club,jack
L212327,u5262,m348,JACK,These are my groups.  I was here first.  I've been coming for a year.,fight club,jack
L212325,u5262,m348,JACK,Why are you doing this?,fight club,jack
L212322,u5262,m348,JACK,I'll expose you.,fight club,jack
L212320,u5262,m348,JACK,Practicing what?,fight club,jack
L212316,u5262,m348,JACK,"Okay, in the Sylvia Plath philosophy way, we're all dying.  But you're not dying the way Chloe is dying.",fight club,jack
L212314,u5262,m348,JACK,I'm on to you.  You're a faker.  You aren't dying.,fight club,jack
L212729,u5262,m348,JACK,... and you come home to this.,fight club,jack
L212462,u5262,m348,JACK,Well... let me see... here's the thing...,fight club,jack
L212460,u5262,m348,JACK,I just called a second ago.  There was no answer.  I'm at a payphone.,fight club,jack
L212458,u5262,m348,JACK,"Uh... I'm sorry.  We met on the plane.  We had the same briefcase. I'm... you know, the clever guy.",fight club,jack
L212456,u5262,m348,JACK,Tyler?,fight club,jack
L212454,u5262,m348,JACK,Hello?,fight club,jack
L213225,u5262,m348,JACK,Please return your seatbacks to their full upright and locked position.,fight club,jack
L213222,u5262,m348,JACK,Who do you think I am?,fight club,jack
L213220,u5262,m348,JACK,What?,fight club,jack
L213218,u5262,m348,JACK,Yes... it's a test.,fight club,jack
L213216,u5262,m348,JACK,... You know me?,fight club,jack
L212437,u5262,m348,JACK,I had everything in that bag.  My C.K. shirts... my D.K.N.Y. shoes...,fight club,jack
L212435,u5262,m348,JACK,My suitcase was vibrating?,fight club,jack
L212433,u5262,m348,JACK,"Excuse me?  ""Throwers?""",fight club,jack
L212318,u5262,m348,JACK,"You're a tourist.  I saw you at melanoma, tuberculosis and testicular cancer.",fight club,jack
L212302,u5262,m348,JACK,"If I did have a tumor, I'd name it Marla.  Marla...the little scratch on the roof of your mouth that would heal if only you could stop tonguing it, but you can't.",fight club,jack
L212293,u5262,m348,JACK,"-- But, in here, in everyone, there's the squint of a five-day headache. Yet they forced themselves to be positive.  They never said ""parasite;"" they said ""agent.""  They always talked about getting better.",fight club,jack
L212274,u5262,m348,JACK,"I wasn't really dying, I wasn't host to cancer or parasites; I was the warm little center that the life of this world crowded around.",fight club,jack
L213496,u5262,m348,JACK,My eyes are open.,fight club,jack
L213494,u5262,m348,JACK,Look at me...,fight club,jack
L213492,u5262,m348,JACK,Appreciate something.,fight club,jack
L213490,u5262,m348,JACK,Do something for me.,fight club,jack
L213488,u5262,m348,JACK,It's the only way to get rid of you...,fight club,jack
L213485,u5262,m348,JACK,Not my mouth.  Our mouth.,fight club,jack
L213483,u5262,m348,JACK,What have you left for me?,fight club,jack
L213479,u5262,m348,JACK,"I swear on my life, I won't...",fight club,jack
L213477,u5262,m348,JACK,"Please understand... I've gotten all I can from this, Tyler.",fight club,jack
L213475,u5262,m348,JACK,Why are you doing this?!,fight club,jack
L213473,u5262,m348,JACK,"... no, no, no...",fight club,jack
L213471,u5262,m348,JACK,"Noooo, please...",fight club,jack
L213469,u5262,m348,JACK,"No, no, I don't.  I thank you, I really do.  Thank you, but I don't need you anymore.",fight club,jack
L213467,u5262,m348,JACK,Why can't I get rid of you?  Why can't I just wish you away?,fight club,jack
L213465,u5262,m348,JACK,Why... why... why... ?,fight club,jack
L213462,u5262,m348,JACK,How'd you do that?!  You're a fucking figment of my imagination... you're psychogenic fugue state...,fight club,jack
L213459,u5262,m348,JACK,NO...,fight club,jack
L213456,u5262,m348,JACK,Not exactly according to plan.,fight club,jack
L213454,u5262,m348,JACK,Paraffin.  Your merry band mixed the nitro with paraffin.  I saw it floating in the bomb.,fight club,jack
L213452,u5262,m348,JACK,Paraffin.,fight club,jack
L213448,u5262,m348,JACK,Please...,fight club,jack
L213446,u5262,m348,JACK,Can't you call it off... ?,fight club,jack
L213442,u5262,m348,JACK,i... ann....iinn.. ff....nnyin...,fight club,jack
L213440,u5262,m348,JACK,I think this is about where we came in.,fight club,jack
L213431,u5262,m348,JACK,"Defuse the bomb, please.",fight club,jack
L213429,u5262,m348,JACK,Defuse the bomb.,fight club,jack
L213427,u5262,m348,JACK,Tyler...,fight club,jack
L213425,u5262,m348,JACK,I quit.,fight club,jack
L213423,u5262,m348,JACK,Fuck your struggle.  I want out.,fight club,jack
L213421,u5262,m348,JACK,"Bob is dead, Tyler.  The police blew a hole in his head.  Was that part of your plan?",fight club,jack
L213415,u5262,m348,JACK,Fuck you.,fight club,jack
L213413,u5262,m348,JACK,Yes...,fight club,jack
L213411,u5262,m348,JACK,I'm pulling the green wire.,fight club,jack
L213409,u5262,m348,JACK,"If I'm wrong, we're both dead..",fight club,jack
L213407,u5262,m348,JACK,"If you know, I know.",fight club,jack
L213404,u5262,m348,JACK,You don't know that.  There could still be people inside.,fight club,jack
L213402,u5262,m348,JACK,Since when is Project Mayhem about murder?,fight club,jack
L213399,u5262,m348,JACK,Stop finishing...,fight club,jack
L213397,u5262,m348,JACK,I'm not going...,fight club,jack
L213395,u5262,m348,JACK,I'm going to...,fight club,jack
L213393,u5262,m348,JACK,I can't let you...,fight club,jack
L213391,u5262,m348,JACK,You... you can't be serious about this.,fight club,jack
L213287,u5262,m348,JACK,She's... you... you're fucking her.,fight club,jack
L213285,u5262,m348,JACK,What about Marla?,fight club,jack
L213283,u5262,m348,JACK,You have jobs.,fight club,jack
L213281,u5262,m348,JACK,You took me to the house.,fight club,jack
L213279,u5262,m348,JACK,"Wrong, wrong -- what about the car crash... the two guys in the backseat?",fight club,jack
L213277,u5262,m348,JACK,"No!  This isn't true.  We... we were around other people, together, both of us...",fight club,jack
L213275,u5262,m348,JACK,What... what are you saying?,fight club,jack
L213273,u5262,m348,JACK,This isn't possible...,fight club,jack
L213266,u5262,m348,JACK,"Oh, yeah.  I didn't really know my Dad...",fight club,jack
L213261,u5262,m348,JACK,The first rule of fight club is -- you don't talk about fight club.,fight club,jack
L213259,u5262,m348,JACK,What are you talking about... ?,fight club,jack
L213255,u5262,m348,JACK,I don't know!  Tell me!,fight club,jack
L213253,u5262,m348,JACK,"Answer me, Tyler.",fight club,jack
L213251,u5262,m348,JACK,Why do people think I'm Tyler Durden?,fight club,jack
L213249,u5262,m348,JACK,Why do people think I'm you?,fight club,jack
L213247,u5262,m348,JACK,"What's this all about, Tyler?",fight club,jack
L213108,u5262,m348,JACK,"""Training?""  Tyler...",fight club,jack
L213106,u5262,m348,JACK,"""Applicant?""",fight club,jack
L213104,u5262,m348,JACK,"""Too young?""",fight club,jack
L213103,u5262,m348,JACK,Wait a minute...,fight club,jack
L213092,u5262,m348,JACK,... is over.,fight club,jack
L213090,u5262,m348,JACK,This conversation...,fight club,jack
L213057,u5262,m348,JACK,Fuck my life.  Fuck fight club.  Fuck you and fuck Marla.  I'm sick of this.  How's that?,fight club,jack
L213055,u5262,m348,JACK,I would feel nothing about my life? Is that what you want to hear?!,fight club,jack
L213053,u5262,m348,JACK,I don't know!  Nothing!,fight club,jack
L213047,u5262,m348,JACK,I don't think that's true.,fight club,jack
L213045,u5262,m348,JACK,I'm not asking you to.,fight club,jack
L213043,u5262,m348,JACK,What the hell ... ?!,fight club,jack
L213040,u5262,m348,JACK,What are you doing?!,fight club,jack
L213035,u5262,m348,JACK,I want to know --,fight club,jack
L213033,u5262,m348,JACK,Look...,fight club,jack
L213031,u5262,m348,JACK,You know what I mean.,fight club,jack
L213026,u5262,m348,JACK,Why wasn't I involved from the beginning?  You and I started fight club together.,fight club,jack
L213024,u5262,m348,JACK,"Why wasn't I told about ""Project Mayhem?""",fight club,jack
L213018,u5262,m348,JACK,I felt like destroying something beautiful.,fight club,jack
L212997,u5262,m348,JACK,Hey.,fight club,jack
L212989,u5262,m348,JACK,I feel sick.,fight club,jack
L212973,u5262,m348,JACK,Tell him!,fight club,jack
L212956,u5262,m348,JACK,What is it?,fight club,jack
L212954,u5262,m348,JACK,What are we doing?,fight club,jack
L212952,u5262,m348,JACK,I thought you did.,fight club,jack
L212950,u5262,m348,JACK,"Local 8 just started in Penns Grove. And, Bob said he was at fight club in Newcastle last week.",fight club,jack
L212948,u5262,m348,JACK,There's fight club in Delaware City.,fight club,jack
L212900,u5262,m348,JACK,"Okay, and... and...",fight club,jack
L212898,u5262,m348,JACK,Six months advance pay.  Six months!,fight club,jack
L212880,u5262,m348,JACK,Work.  Going to work.,fight club,jack
L212878,u5262,m348,JACK,You quit?,fight club,jack
L212809,u5262,m348,JACK,... Marla ... ?,fight club,jack
L212807,u5262,m348,JACK,We don't... ?,fight club,jack
L212805,u5262,m348,JACK,It isn't... ?,fight club,jack
L212803,u5262,m348,JACK,I don't know...,fight club,jack
L212801,u5262,m348,JACK,"No, I'm not...",fight club,jack
L212798,u5262,m348,JACK,I... I think I understand.  I think I get it...,fight club,jack
L212795,u5262,m348,JACK,I was going to my cave to find my power animal.,fight club,jack
L212791,u5262,m348,JACK,"Guided meditation worked for cancer, it could work for this.",fight club,jack
L212789,u5262,m348,JACK,Tyler's kiss was a bonfire on the back of my hand.,fight club,jack
L212783,u5262,m348,JACK,Hard to imagine you in Boy Scouts.,fight club,jack
L212779,u5262,m348,JACK,What is this place?,fight club,jack
L212768,u5262,m348,JACK,You get rid of her.,fight club,jack
L212752,u5262,m348,JACK,"Shhhhhh!  I don't know what to make of this, sir, I really don't...",fight club,jack
L212750,u5262,m348,JACK,Huh?,fight club,jack
L212720,u5262,m348,JACK,Uh... nah...,fight club,jack
L212712,u5262,m348,JACK,I said I promise!,fight club,jack
L212710,u5262,m348,JACK,"Yes, I promise.",fight club,jack
L212708,u5262,m348,JACK,Okay.,fight club,jack
L212703,u5262,m348,JACK,"She'd invaded my support groups, now she's invading my home.",fight club,jack
L212701,u5262,m348,JACK,Marla doesn't need a lover.  She needs a case worker.,fight club,jack
L212699,u5262,m348,JACK,"Oh, and my pace is more librarians.",fight club,jack
L212696,u5262,m348,JACK,I'm fine.,fight club,jack
L212691,u5262,m348,JACK,"Yeah, I'm sure.",fight club,jack
L212688,u5262,m348,JACK,No.  Not at all.,fight club,jack
L212686,u5262,m348,JACK,He was obviously able to handle it.,fight club,jack
L212639,u5262,m348,JACK,You?,fight club,jack
L212637,u5262,m348,JACK,Okay... Ghandi.,fight club,jack
L212635,u5262,m348,JACK,Fight club became the reason to cut your hair short and trim your fingernails.,fight club,jack
L212618,u5262,m348,JACK,Shatner.  William Shatner.,fight club,jack
L212616,u5262,m348,JACK,Doesn't matter.,fight club,jack
L212614,u5262,m348,JACK,If you could fight any celebrity?,fight club,jack
L212613,u5262,m348,JACK,"A guy came to fight club for the first time, his ass was a wad of cookie dough.  After a few weeks, he was carved out of wood.",fight club,jack
L212578,u5262,m348,JACK,Show-off.,fight club,jack
L212576,u5262,m348,JACK,What are you reading?,fight club,jack
L212574,u5262,m348,JACK,"""I am Joe's Lungs.""  It's written in first person.  ""Without me, Joe could not take in oxygen to feed his red blood cells.""  There's a whole series -- ""I am Joe's Prostate.""",fight club,jack
L212570,u5262,m348,JACK,The previous occupant had been a bit of a shut-in.,fight club,jack
L212562,u5262,m348,JACK,"I don't know how Tyler found the house, but he'd been there for half a year.",fight club,jack
L212560,u5262,m348,JACK,Where's your car?,fight club,jack
L212557,u5262,m348,JACK,Same here.,fight club,jack
L212555,u5262,m348,JACK,I know that.,fight club,jack
L212553,u5262,m348,JACK,"Oh, yeah.  I didn't know my dad.  Well, I knew him, till I was six.  He went and married another woman, had more kids. Every six years or so he'd do it again -- new city, new family.",fight club,jack
L212551,u5262,m348,JACK,"My boss, probably.  Who would you fight?",fight club,jack
L212549,u5262,m348,JACK,Anyone?,fight club,jack
L212546,u5262,m348,JACK,What fight?,fight club,jack
L212544,u5262,m348,JACK,Call what off?,fight club,jack
L212542,u5262,m348,JACK,Is it?,fight club,jack
L212540,u5262,m348,JACK,Strange.,fight club,jack
L212537,u5262,m348,JACK,Shit.  Sorry.  That didn't count.,fight club,jack
L212535,u5262,m348,JACK,Where do you want it?  In the face?,fight club,jack
L212533,u5262,m348,JACK,This is crazy.,fight club,jack
L212531,u5262,m348,JACK,Me?,fight club,jack
L212529,u5262,m348,JACK,"No.  That's a good thing, isn't it?",fight club,jack
L212527,u5262,m348,JACK,I don't know about this.,fight club,jack
L212526,u5262,m348,JACK,You get the idea.,fight club,jack
L212524,u5262,m348,JACK,"He farted on meringue; he sneezed on braised endive; and, with creme of mushroom soup, well...",fight club,jack
L212521,u5262,m348,JACK,He was the guerrilla terrorist of the food service industry.,fight club,jack
L212519,u5262,m348,JACK,Only a hummingbird could have caught Tyler at work.,fight club,jack
L212517,u5262,m348,JACK,No one really knows that they've seen it. But they did.,fight club,jack
L212515,u5262,m348,JACK,"In reel three, right after the courageous dog and the snooty cag -- who have celebrity voices -- eat out of a garbage can, there's the flash of Tyler's contribution...",fight club,jack
L212513,u5262,m348,JACK,It affords him other interesting opportunities.,fight club,jack
L212511,u5262,m348,JACK,"It's called a ""changeover.""  The movie goes on, and nobody in the audience has any idea.",fight club,jack
L212504,u5262,m348,JACK,What's that?,fight club,jack
L212502,u5262,m348,JACK,Thank you.,fight club,jack
L212500,u5262,m348,JACK,Can I stay at your place?,fight club,jack
L212498,u5262,m348,JACK,Would that be a problem?,fight club,jack
L212496,u5262,m348,JACK,"No, I...",fight club,jack
L212492,u5262,m348,JACK,I don't follow...,fight club,jack
L212488,u5262,m348,JACK,"God, it's late.  I should find a hotel...",fight club,jack
L212486,u5262,m348,JACK,Don't I?,fight club,jack
L212484,u5262,m348,JACK,"Well, I have to file a claim...",fight club,jack
L212482,u5262,m348,JACK,I don't... think so.,fight club,jack
L212480,u5262,m348,JACK,What list?,fight club,jack
L212478,u5262,m348,JACK,Insurance'll cover it.,fight club,jack
L212476,u5262,m348,JACK,Delivered from Martha Stewart.,fight club,jack
L212474,u5262,m348,JACK,Delivered from Swedish furniture.,fight club,jack
L212471,u5262,m348,JACK,...no ...no ...,fight club,jack
L212469,u5262,m348,JACK,There's always that.,fight club,jack
L212467,u5262,m348,JACK,All gone.,fight club,jack
L212465,u5262,m348,JACK,I guess so.,fight club,jack
L212463,u5262,m348,JACK,"You buy furniture.  You tell yourself: this is the last sofa I'll ever need.  No matter what else happens, I've got the sofa issue handled.  Then, the right set of dishes.  The right dinette.",fight club,jack
L212427,u5262,m348,JACK,"Well, uh... great.",fight club,jack
L212421,u5262,m348,JACK,"You see, when you travel, everything is small, self-contained--",fight club,jack
L212413,u5262,m348,JACK,I mean -- for a living.,fight club,jack
L212411,u5262,m348,JACK,"What do you do, Tyler?",fight club,jack
L212407,u5262,m348,JACK,"No, supply oxygen?",fight club,jack
L212404,u5262,m348,JACK,This is how I met --,fight club,jack
L212403,u5262,m348,JACK,Pardon me?,fight club,jack
L212221,u5262,m348,JACK,"Somehow, I realize all of this -- the gun, the bombs, the revolution -- is really about Marla Singer.",fight club,jack
L212219,u5262,m348,JACK,"We have front row seats for this Theater of Mass Destruction.  The Demolitions Committee of Project Mayhem wrapped the foundation columns of ten buildings with blasting gelatin.  In two minutes, primary charges will blow base charges, and those buildings will be reduced to smoldering rubble.  I know this because Tyler knows this.",fight club,jack
L212218,u5262,m348,JACK,"That old saying, how you always hurt the one you love, well, it works both way.",fight club,jack
L212213,u5262,m348,JACK,... i... ann....iinn.. ff....nnyin...,fight club,jack
L213311,u5262,m348,JACK,Did I tell you I'd call you a fascist dickhead?!,fight club,jack
L213309,u5262,m348,JACK,Abort the plan.,fight club,jack
L213307,u5262,m348,JACK,"Now wait, there's been a mix-up. Everything's changed...",fight club,jack
L213305,u5262,m348,JACK,Excuse me?,fight club,jack
L213303,u5262,m348,JACK,"Listen, something is going to happen, something terrible...",fight club,jack
L213301,u5262,m348,JACK,Who is this?,fight club,jack
L213177,u5262,m348,JACK,No!,fight club,jack
L213171,u5262,m348,JACK,"Robert Paulson is dead.  He's dead, because of you...",fight club,jack
L213169,u5262,m348,JACK,No!  Wrong!  This man's name is Robert Paulson.,fight club,jack
L213167,u5262,m348,JACK,"No, no.  This is a man -- this man has a name...",fight club,jack
L213165,u5262,m348,JACK,What he wanted?  Look... look at him. Look at him!  What does he want?  This is a person.  This is not a cog in your machine...,fight club,jack
