line_id,character_id,movie_id,character_name,text,movie_title
L36777,u327,m20,BATEMAN,"See? Happy? You dumb bitch? Are you happy, you dumb bitch?",american psycho
L190014,u5076,m336,ERIN,Kinda like David and what's-his-name?,erin brockovich
L43320,u3681,m243,ALVY,Here's a real present.,annie hall
L42733,u3681,m243,ALVY,"Well, thanks, thank you. You-you're a wonderful tennis player.",annie hall
L43622,u3681,m243,ALVY,"Hey, you didn't read ""Death in Venice"" till I bought it for yuh.",annie hall
L37197,u327,m20,BATEMAN,Dorsia is...fine.,american psycho
L42647,u3681,m243,ALVY,"Hey, come on, it's quiet now. We can- we can start again.",annie hall
L43555,u3681,m243,ALVY,"Yeah, she's got a great-lookin' fa- A pat on the androgynous side. But it's...",annie hall
L212720,u5262,m348,JACK,Uh... nah...,fight club
L189664,u5076,m336,ERIN,Who's Baxter?,erin brockovich
L37453,u327,m20,BATEMAN,"But wait, Harold, what do you mean?",american psycho
L37235,u327,m20,BATEMAN,"Oh. Uh, tape. Duct tape. I...need it for... taping something. Bateman goes back to the cupboard for the nail gun.",american psycho
L43565,u3681,m243,ALVY,"Whose ""Catcher in the Rye"" is this?",annie hall
L36924,u327,m20,BATEMAN,"So, what's the topic of discussion?",american psycho
L42919,u3681,m243,ALVY,"You know what I mean? Like the tip o'your nose, and if I stroke your teeth or your kneecaps... you get excited.",annie hall
L250999,u1169,m77,BEN,Well -- it's very comfortable -- just to drift here.,the graduate
L251216,u1169,m77,BEN,"We're not dropping it. Now that's the reason, isn't it? I'm a dirty degenerate, aren't I? I'm not fit to --",the graduate
L212729,u5262,m348,JACK,... and you come home to this.,fight club
L37203,u327,m20,BATEMAN,Two at nine? Perfect.,american psycho
L251507,u1169,m77,BEN,Ahhh.,the graduate
L251068,u1169,m77,BEN,Art. That's a good subject. You start it off.,the graduate
L42409,u3681,m243,ALVY,"I'm... I'm, uh, I'm Robert Redford.",annie hall
L212851,u5262,m348,JACK,No... no problem.,fight club
L213045,u5262,m348,JACK,I'm not asking you to.,fight club
L37357,u327,m20,BATEMAN,"I'm...in touch with humanity. Evelyn, I'm sorry. You're just not terribly important to me.",american psycho
L189860,u5076,m336,ERIN,"Oh, come on, where's your sense of adventure? We're going someplace you never been before.",erin brockovich
L36956,u327,m20,BATEMAN,Thanks.,american psycho
L43117,u3681,m243,ALVY,Yeah?,annie hall
L42927,u3681,m243,ALVY,"I-uh, love is, uh, is too weak a word for what...",annie hall
L190463,u5076,m336,ERIN,And you were told to destroy those?,erin brockovich
L189967,u5076,m336,ERIN,"I'm the one who's injured, and this joker who sits at a desk all day is gonna walk away with almost half my reward?",erin brockovich
L250881,u1169,m77,BEN,Well -- I don't. I mean I could. Or we could just talk.,the graduate
L190321,u5076,m336,ERIN,Kurt thought? What about you? Do you think anymore?,erin brockovich
L42877,u3681,m243,ALVY,"M'hm. You're not gonna believe this, but-",annie hall
L42663,u3681,m243,ALVY,"Don't you see? The rest of the country looks upon New York like we're-we're left-wing Communist, Jewish, homosexual, pornographers. I think of us that way, sometimes, and I-I live here.",annie hall
L36754,u327,m20,BATEMAN,"Courtney, you're going to have the peanut butter soup with smoked duck and mashed squash. New York magazine called it a 'playful but mysterious little dish."" You'll love it. And then...the red snapper with violets and pine nuts. I think that'll follow nicely.",american psycho
L250654,u1169,m77,BEN,"Mrs. Robinson, will you forgive me for what I just said?",the graduate
L190434,u5076,m336,ERIN,"No, I need my car --",erin brockovich
L213242,u5262,m348,JACK,Say my name! What's my name!?,fight club
L251140,u1169,m77,BEN,"Well how do you feel about him, then?",the graduate
L251422,u1169,m77,BEN,I just don't believe you would do that.,the graduate
L250887,u1169,m77,BEN,Well -- I don't know.,the graduate
L212843,u5262,m348,JACK,Here.,fight club
L43113,u3681,m243,ALVY,I whine. I-I-I sit and I whine.,annie hall
L37129,u327,m20,BATEMAN,"How's the investigation going? Taken anyone in for ""formal questioning?""",american psycho
L36770,u327,m20,BATEMAN,"It's a plain end, see? So?",american psycho
L190205,u5076,m336,ERIN,Where's my paycheck?,erin brockovich
L213413,u5262,m348,JACK,Yes...,fight club
L213346,u5262,m348,JACK,Marla...,fight club
L212433,u5262,m348,JACK,"Excuse me? ""Throwers?""",fight club
L37004,u327,m20,BATEMAN,Oh.,american psycho
L250867,u1169,m77,BEN,Very well. Thank you.,the graduate
L43207,u3681,m243,ALVY,"Oh, humdinger. When- Well, I got a wonderful idea. Why don'tcha get the guy who took you to the rock concert, we'll call him and he can come over and kill the spider. You know, it's a-",annie hall
L189494,u5076,m336,ERIN,Which one?,erin brockovich
L43322,u3681,m243,ALVY,Check it out.,annie hall
L250988,u1169,m77,BEN,Who said it was my first time?,the graduate
L212841,u5262,m348,JACK,There?,fight club
L37380,u327,m20,BATEMAN,I'm not really sure. I had a shower...and some sorbet?,american psycho
L42797,u3681,m243,ALVY,"So, did you do shoot the photographs in there or what?",annie hall
L212703,u5262,m348,JACK,"She'd invaded my support groups, now she's invading my home.",fight club
L37148,u327,m20,BATEMAN,Ask me a question.,american psycho
L250616,u1169,m77,BEN,When is he coming back?,the graduate
L42825,u3681,m243,ALVY,"you're gonna like night clubs, they're really a lotta fun.",annie hall
L213135,u5262,m348,JACK,"Right, right.",fight club
L212574,u5262,m348,JACK,"""I am Joe's Lungs."" It's written in first person. ""Without me, Joe could not take in oxygen to feed his red blood cells."" There's a whole series -- ""I am Joe's Prostate.""",fight club
L43278,u3681,m243,ALVY,"Yeah, and always over the most ridiculous things.",annie hall
L251451,u1169,m77,BEN,No -- don't cry --,the graduate
L190190,u5076,m336,ERIN,About what?,erin brockovich
L42573,u3681,m243,ALVY,"Look! Look, one crawled behind the refrigerator. It'll turn up in our bed at night. Will you get outta here with that thing? Jesus!",annie hall
L42869,u3681,m243,ALVY,Good? I was-,annie hall
L190222,u5076,m336,ERIN,"You might want to think real hard about the amount, too. My kids are sitting in the God damn parking lot right now, cause I still don't make enough to afford good child care. Makes me think about looking around for a job where I'm appreciated, for shit's sake.",erin brockovich
L42569,u3681,m243,ALVY,"If they're only babies, then you pick 'em up.",annie hall
L37462,u327,m20,BATEMAN,"No! Listen, don't you know who I am? I'm not Davis, I'm Patrick Bateman! I talk to you on the phone all the time! Don't you recognize me? You're my lawyer.",american psycho
L42395,u3681,m243,ALVY,Ah.,annie hall
L250743,u1169,m77,BEN,I drove -- I drove Mrs. Robinson home. She wanted me to drive her home so I -- I drove her home.,the graduate
L42747,u3681,m243,ALVY,Well... thank you again.,annie hall
L42921,u3681,m243,ALVY,You- Do you love me?,annie hall
L190093,u5076,m336,ERIN,"See, according to this, they were supposed to line the ponds so this shit couldn't seep into the ground. But guess what --",erin brockovich
L213317,u5262,m348,JACK,"I'm sorry, I...",fight club
L43628,u3681,m243,ALVY,"Okay. Check, please. Can I -can I... Can I... Can I...",annie hall
L36835,u327,m20,BATEMAN,"Listen, what's your name?",american psycho
L213238,u5262,m348,JACK,What did you say... ?,fight club
L37253,u327,m20,BATEMAN,Thanks. It slipped my mind completely.,american psycho
L189697,u5076,m336,ERIN,"Right, but -- I'm sorry, I don't see why you were corresponding with PG&E about it in the first place.",erin brockovich
L250634,u1169,m77,BEN,Mrs. Robinson -- if you don't mind my saying so -- this conversation is getting a little strange. Now I'm sure that Mr. Robinson will be here any minute and --,the graduate
L42935,u3681,m243,ALVY,"Yeah, bu-bu-but why?",annie hall
L212460,u5262,m348,JACK,I just called a second ago. There was no answer. I'm at a payphone.,fight club
L251476,u1169,m77,BEN,No. Actually -- she doesn't know about us getting married yet.,the graduate
L212756,u5262,m348,JACK,I'd like to thank the academy...,fight club
L251533,u1169,m77,BEN,Here? In Berkeley?,the graduate
L213358,u5262,m348,JACK,I'm begging you. Get on the bus. Get on the bus.,fight club
L190004,u5076,m336,ERIN,"We can get these people. With a little effort, I really think we can nail their asses to the wall.",erin brockovich
L251154,u1169,m77,BEN,"I can't see why you did, unless... you didn't have to marry him or anything, did you?",the graduate
L37332,u327,m20,BATEMAN,Are you telling me you've never gotten it on with a girl?,american psycho
L37347,u327,m20,BATEMAN,"It's over, Evelyn. It's all over",american psycho
L251535,u1169,m77,BEN,"Well, I have this very pleasant room on Carter Street -- and I've been getting to some classes --",the graduate
L213253,u5262,m348,JACK,"Answer me, Tyler.",fight club
L212952,u5262,m348,JACK,I thought you did.,fight club
L212686,u5262,m348,JACK,He was obviously able to handle it.,fight club
L190150,u5076,m336,ERIN,"Yeah, I heard that one before.",erin brockovich
L212614,u5262,m348,JACK,If you could fight any celebrity?,fight club
L212860,u5262,m348,JACK,Bob. I'm okay. How are you?,fight club
L43602,u3681,m243,ALVY,I'm not myself since I stopped smoking.,annie hall
L190237,u5076,m336,ERIN,So what are you thinking?,erin brockovich
L190099,u5076,m336,ERIN,No --,erin brockovich
L43099,u3681,m243,ALVY,M'm.,annie hall
L43451,u3681,m243,ALVY,"I don't know, I just got-I got very dizzy... I feel dizzy, Max.",annie hall
L37417,u327,m20,BATEMAN,But I think...I want to know what happened here.,american psycho
L36562,u327,m20,BATEMAN,Van Patten looks puffy. Has he stopped working out?,american psycho
L37084,u327,m20,BATEMAN,Do you know what Ed Gein said about women?,american psycho
L251329,u1169,m77,BEN,"But, Elaine --",the graduate
L43490,u3681,m243,ALVY,Where?,annie hall
L189647,u5076,m336,ERIN,Why in the hell would you want to watch my kids?,erin brockovich
L190526,u5076,m336,ERIN,Two million dollars?,erin brockovich
L213285,u5262,m348,JACK,What about Marla?,fight club
L250780,u1169,m77,BEN,I've got to go.,the graduate
L42474,u3681,m243,ALVY,"Well, he's spitting on my neck! You know, he's spitting on my neck when he talks.",annie hall
L251256,u1169,m77,BEN,Yes. Please. I want you to.,the graduate
L189584,u5076,m336,ERIN,"Well, I'm the neighbors. There, now we're introduced, so you can shut the fuck up.",erin brockovich
L42871,u3681,m243,ALVY,"No, that was the most fun I've ever had without laughing.",annie hall
L36932,u327,m20,BATEMAN,Perrier? San Pellegrino?,american psycho
L212524,u5262,m348,JACK,"He farted on meringue; he sneezed on braised endive; and, with creme of mushroom soup, well...",fight club
L251110,u1169,m77,BEN,But what about the noise from the car. What if --,the graduate
L37107,u327,m20,BATEMAN,Maybe.,american psycho
L43486,u3681,m243,ALVY,"Whee, you shoulda told me it was Tony Lacey's party.",annie hall
L251072,u1169,m77,BEN,Yes I do. I know quite a bit about it.,the graduate
L212795,u5262,m348,JACK,I was going to my cave to find my power animal.,fight club
L212338,u5262,m348,JACK,"Look, I can't cry with a faker present.",fight club
L43172,u3681,m243,ALVY,I can think of another word.,annie hall
L189626,u5076,m336,ERIN,Cause I don't even know you.,erin brockovich
L190173,u5076,m336,ERIN,I don't know. Big. Dark.,erin brockovich
L36666,u327,m20,BATEMAN,"Oh come on. Price. There are a lot more important problems than Sri Lanka to worry about. Sure our foreign policy is important, but there are more pressing problems at hand.",american psycho
L36990,u327,m20,BATEMAN,Don't you know this?,american psycho
L212775,u5262,m348,JACK,Goodbye.,fight club
L36891,u327,m20,BATEMAN,"No, Owen.",american psycho
L250526,u1169,m77,BEN,I don't know. I want it to be --,the graduate
L43382,u3681,m243,ALVY,"The incredible thing about it is, I'm paying for her analysis and she's making progress and I'm getting screwed.",annie hall
L213323,u5262,m348,JACK,"Give me a minute, Marla, alright... just sixty seconds.",fight club
L37388,u327,m20,BATEMAN,But Marcus denied it?,american psycho
L251453,u1169,m77,BEN,Don't cry.,the graduate
L42875,u3681,m243,ALVY,I tried to take my pants off over my head... ...my ear.,annie hall
L42622,u3681,m243,ALVY,"Yeah, two more chairs and they got a dining-room set.",annie hall
L189811,u5076,m336,ERIN,"I <u>can't</u> call an exterminator. I can't afford one. God, I can't even afford my <u>phone</u>. I got fired.",erin brockovich
L213404,u5262,m348,JACK,You don't know that. There could still be people inside.,fight club
L250864,u1169,m77,BEN,Of course.,the graduate
L212264,u5262,m348,JACK,Bob was a champion bodybuilder. You know that chest expansion program you see on TV? That was his idea.,fight club
L36729,u327,m20,BATEMAN,Courtney? Dinner?,american psycho
L212480,u5262,m348,JACK,What list?,fight club
L250970,u1169,m77,BEN,You're welcome.,the graduate
L251442,u1169,m77,BEN,That woman. The older woman.,the graduate
L213162,u5262,m348,JACK,"No! Look at you! You're... you're running around in ski masks, exploding things...",fight club
L190305,u5076,m336,ERIN,What's going on in there?,erin brockovich
L36994,u327,m20,BATEMAN,We were both seven in 1969.,american psycho
L251741,u1169,m77,BEN,What have you done to her?,the graduate
L213033,u5262,m348,JACK,Look...,fight club
L251100,u1169,m77,BEN,There's no risk?,the graduate
L42783,u3681,m243,ALVY,"Me? No, no, no, 'cause I never shower in a public place.",annie hall
L212761,u5262,m348,JACK,Worth every penny.,fight club
L212560,u5262,m348,JACK,Where's your car?,fight club
L42716,u3681,m243,ALVY,I'll getcha a piece.,annie hall
L42393,u3681,m243,ALVY,"No, I don't! You know, I was in a record store. Listen to this- so I know there's this big tall blond crew-cutted guy and he's lookin' at me in a funny way and smiling and he's saying, ""Yes, we have a sale this week on Wagner."" Wagner, Max, Wagner- so I know what he's really tryin' to tell me very significantly Wagner.",annie hall
L37336,u327,m20,BATEMAN,"Did you know that Whitney Houston's debut LP called simply Whitney Houston had four number-one singles on it? Did you know that, Christie? Whitney's voice leaps across so many boundaries and is so versatile-though she's mainly a jazz singer-that it's hard to take in the album on a first listening.",american psycho
L36984,u327,m20,BATEMAN,Hang...out?,american psycho
L213309,u5262,m348,JACK,Abort the plan.,fight club
L251106,u1169,m77,BEN,Always?,the graduate
L42831,u3681,m243,ALVY,"No, I'm not gonna letcha. You have a great voice.",annie hall
L212488,u5262,m348,JACK,"God, it's late. I should find a hotel...",fight club
L190220,u5076,m336,ERIN,I want my paycheck. By the end of the day.,erin brockovich
L213225,u5262,m348,JACK,Please return your seatbacks to their full upright and locked position.,fight club
L212498,u5262,m348,JACK,Would that be a problem?,fight club
L190518,u5076,m336,ERIN,Here what comes?,erin brockovich
L42765,u3681,m243,ALVY,"Oh, sorry.",annie hall
L43352,u3681,m243,ALVY,"Remember, we had that thing.",annie hall
L189706,u5076,m336,ERIN,What's chromium?,erin brockovich
L212701,u5262,m348,JACK,Marla doesn't need a lover. She needs a case worker.,fight club
L251287,u1169,m77,BEN,"Look, we'll go out to dinner and have a drink and I'll bring her back. Because it was either that or a dinner party for the two families. And I'm afraid I couldn't quite handle that, if you don't mind. I have no intention of ever taking your precious daughter out again in her life. So don't get upset about it.",the graduate
L251075,u1169,m77,BEN,Are you interested more in modern art or more in classical art.,the graduate
L190416,u5076,m336,ERIN,I don't know. Few days. Thanks for helping me. I appreciate it.,erin brockovich
L250677,u1169,m77,BEN,"I'd rather not, Mrs. Robinson.",the graduate
L251116,u1169,m77,BEN,Now let's keep going here.,the graduate
L212878,u5262,m348,JACK,You quit?,fight club
L42847,u3681,m243,ALVY,Okay?,annie hall
L212712,u5262,m348,JACK,I said I promise!,fight club
L190490,u5076,m336,ERIN,How do you know that?,erin brockovich
L250611,u1169,m77,BEN,All right then.,the graduate
L250702,u1169,m77,BEN,Because I am confused about things. I can't tell what I'm imagining. I can't tell what's real. I can't --,the graduate
L42401,u3681,m243,ALVY,I'm gonna meet her in front of the Beekman. I think I have a few minutes left. Right?,annie hall
L37447,u327,m20,BATEMAN,"Yes, naturally.",american psycho
L251264,u1169,m77,BEN,"All right, for christ's sake. I promise I will never take out Elaine Robinson.",the graduate
L213055,u5262,m348,JACK,I would feel nothing about my life? Is that what you want to hear?!,fight club
L42436,u3681,m243,ALVY,Deal! I'm dealing with two guys named Cheech!,annie hall
L251190,u1169,m77,BEN,"A Ford! A Ford! Goddamnit, a Ford! That's great!",the graduate
L42553,u3681,m243,ALVY,"Well, why not?",annie hall
L190227,u5076,m336,ERIN,"Well, God damn it, Matthew -- Randy's mom doesn't work eighteen-hour days, and Randy's dad didn't leave her, so figuring out who's gonna take who where is a little easier over at Randy's house.",erin brockovich
L250869,u1169,m77,BEN,A drink? Of course.,the graduate
L42545,u3681,m243,ALVY,"H'm, I'm sorry, I can't go through with this, because it-I can't get it off my mind, Allison... it's obsessing me!",annie hall
L42653,u3681,m243,ALVY,Bad?,annie hall
L36751,u327,m20,BATEMAN,Yes.,american psycho
L36939,u327,m20,BATEMAN,It's no problem,american psycho
L42771,u3681,m243,ALVY,Duane?,annie hall
L190285,u5076,m336,ERIN,"That's all you got, lady. Two wrong feet. In fucking ugly shoes.",erin brockovich
L250737,u1169,m77,BEN,Let me out!,the graduate
L36853,u327,m20,BATEMAN,Marcus Halberstam. For two at eight?,american psycho
L251012,u1169,m77,BEN,"Hello, Mrs. Robinson.",the graduate
L251232,u1169,m77,BEN,Now don't start this.,the graduate
L189842,u5076,m336,ERIN,The ones in the box of files. The box of files? The one from your office?,erin brockovich
L42518,u3681,m243,ALVY,"Excuse... excuse me, when do I go on?",annie hall
L189835,u5076,m336,ERIN,"You wanna know, you gotta hire me back. I got a lot of bills to pay.",erin brockovich
L43188,u3681,m243,ALVY,"Uh, oh, I don't know. It might have been Leopold and Loeb. Hello. Oh, hi... Uh, no, what-what's the matter? What-what-what? You sound terrible... No, what- Sure I- Whatta yuh what kind of an emergency?... No, well, stay there. Stay there, I'll come over right now. I'll come over right now. Just stay there, I'll come right over.",annie hall
L43443,u3681,m243,ALVY,"Great, but nobody laughs at it 'cause your jokes aren't funny.",annie hall
L212807,u5262,m348,JACK,We don't... ?,fight club
L251103,u1169,m77,BEN,You walk right out the door.,the graduate
L37215,u327,m20,BATEMAN,I'm on a diet. But thank you.,american psycho
L43260,u3681,m243,ALVY,That'd be fun for yuh. Don't you think-,annie hall
L43618,u3681,m243,ALVY,Why? You wanna live out here all year? It's like living in Munchkin Land.,annie hall
L36596,u327,m20,BATEMAN,Calm down. Let's do it anyway,american psycho
L42759,u3681,m243,ALVY,"Yeah, uh, I'm gonna give him one more year and then I'm goin' to Lourdes.",annie hall
L42881,u3681,m243,ALVY,"I-I-I'm gonna buy you these books, I think, because I-I think you should read them. You know, instead of that cat book.",annie hall
L42887,u3681,m243,ALVY,"I've a very pessimistic view of life. You should know this about me if we're gonna go out, you know. I-I-I feel that life is-is divided up into the horrible and the miserable.",annie hall
L213360,u5262,m348,JACK,"I can't let myself see where you're going. Go wherever it takes you, remember... keep away from major cities...",fight club
L250982,u1169,m77,BEN,"That's a laugh, Mrs. Robinson. That's really a laugh. Ha ha.",the graduate
L37435,u327,m20,BATEMAN,...to the office this afternoon.,american psycho
L250651,u1169,m77,BEN,Mrs. Robinson -- you are trying to seduce me.,the graduate
L42867,u3681,m243,ALVY,Really. I mean it. I-I'll never play the piano again.,annie hall
L42843,u3681,m243,ALVY,"And-and uh, there's gonna be all that tension. You know, we never kissed before and I'll never know when to make the right move or anything. So we'll kiss now we'll get it over with and then we'll go eat. Okay?",annie hall
L213244,u5262,m348,JACK,"Marla, no, wait...",fight club
L213275,u5262,m348,JACK,What... what are you saying?,fight club
L42583,u3681,m243,ALVY,"You know, I-I think... if I could pry this door off... We shoulda gotten steaks 'cause they don't have legs. They don't run around.",annie hall
L42961,u3681,m243,ALVY,"No, don't be silly. What-what do we need other people for? You know, we should-we should just turn out the lights, you know, and play hide and seek or something.",annie hall
L42735,u3681,m243,ALVY,"You're the worst driver I've ever seen in my life... that's including any place... the worst... Europe, United... any place... Asia.",annie hall
L212653,u5262,m348,JACK,"Look, this is a bad time...",fight club
L189653,u5076,m336,ERIN,"This isn't gonna get you laid, you know.",erin brockovich
L190212,u5076,m336,ERIN,I want my fucking money --,erin brockovich
L37150,u327,m20,BATEMAN,What do you think I do?,american psycho
L213467,u5262,m348,JACK,Why can't I get rid of you? Why can't I just wish you away?,fight club
L42472,u3681,m243,ALVY,I'd like to hit this guy on a gut level.,annie hall
L189659,u5076,m336,ERIN,"Hi, Rosalind, this is Erin. Brockovich. From the file room? I was wondering if you could tell Mr. Masry that I'm following up on that real estate thing out of the office.",erin brockovich
L43589,u3681,m243,ALVY,Yeah.,annie hall
L212950,u5262,m348,JACK,"Local 8 just started in Penns Grove. And, Bob said he was at fight club in Newcastle last week.",fight club
L43184,u3681,m243,ALVY,"Oh, tsch, thank you. H'm.",annie hall
L251501,u1169,m77,BEN,Not exactly.,the graduate
L43378,u3681,m243,ALVY,"She would not sleep with me the other night, you know, it's-",annie hall
L42969,u3681,m243,ALVY,"Well, I'll give you a shot of sodium pentothal. You can sleep through it.",annie hall
L42955,u3681,m243,ALVY,"Hey, don't be ridiculous.",annie hall
L190470,u5076,m336,ERIN,"Hey, Ros, where are they?",erin brockovich
L190023,u5076,m336,ERIN,"George, I am just trying to do something nice for my kids on my one day off. Could you please not give me a hard time about it?",erin brockovich
L250966,u1169,m77,BEN,Okay.,the graduate
L250954,u1169,m77,BEN,Yes?,the graduate
L43311,u3681,m243,ALVY,"Yeah, but no presents till midnight.",annie hall
L37420,u327,m20,BATEMAN,I won't...don't worry.,american psycho
L212803,u5262,m348,JACK,I don't know...,fight club
L251564,u1169,m77,BEN,Elaine -- I love you.,the graduate
L212327,u5262,m348,JACK,These are my groups. I was here first. I've been coming for a year.,fight club
L251646,u1169,m77,BEN,You mean you're confused?,the graduate
L36937,u327,m20,BATEMAN,Mr. Kimball a bottle of San Pelle-,american psycho
L250896,u1169,m77,BEN,What? No. Nothing.,the graduate
L42366,u3681,m243,ALVY,What'd I do?,annie hall
L251220,u1169,m77,BEN,"You go to hell. You go straight to hell, Mrs. Robinson. Do you think I'm proud of myself? Do you think I'm proud of this?",the graduate
L42482,u3681,m243,ALVY,"I-I-I mean, I'm comparatively normal for a guy raised in Brooklyn.",annie hall
L43186,u3681,m243,ALVY,"I think-I think there's too much burden placed on the orgasm, you know, to make up for empty areas in life.",annie hall
L42682,u3681,m243,ALVY,You-you play... very well.,annie hall
L42941,u3681,m243,ALVY,"All right, granted, it has bad plumbing and bugs, but you-you say that like it's a negative thing. You know, bugs are-are-uh, entomology is a... ...rapidly growing field.",annie hall
L213237,u5262,m348,JACK,We've just lost cabin pressure.,fight club
L251094,u1169,m77,BEN,There!,the graduate
L43645,u3681,m243,ALVY,"Officer, I know what you're gonna say. I'm-I'm not a great driver, you know, I-I have some problems with- with-with-",annie hall
L43656,u3681,m243,ALVY,"You're an actor, Max. You should be doing Shakespeare in the Park.",annie hall
L43101,u3681,m243,ALVY,"Me? I'm-I'm one of the few males who suffers from that, so, so... you know.",annie hall
L43103,u3681,m243,ALVY,"G-go on, I'm interested.",annie hall
L36706,u327,m20,BATEMAN,"Oh, I don't know, Victoria. I'm at work all the time.",american psycho
L43199,u3681,m243,ALVY,Kill it! For Go- What's wrong with you? Don't you have a can of Raid in the house?,annie hall
L42454,u3681,m243,ALVY,"Well, I'm sorry, I-I can't... I-I- I've gotta see a picture exactly from the start to the finish, 'cause- 'cause I'm anal.",annie hall
L212997,u5262,m348,JACK,Hey.,fight club
L42993,u3681,m243,ALVY,"Hey, what is this-an interview? We're supposed to be making love.",annie hall
L42438,u3681,m243,ALVY,"Hey, you are in a bad mood. You-you- you must be getting your period.",annie hall
L251122,u1169,m77,BEN,So you don't -- I mean I don't like to seem like I'm prying but I guess you don't sleep together or anything.,the graduate
L36920,u327,m20,BATEMAN,Oh that? Just mulling over business problems. Examining opportunities...Exchanging rumors... Spreading gossip.,american psycho
L37122,u327,m20,BATEMAN,Yes?,american psycho
L36712,u327,m20,BATEMAN,"Listen, what are you doing tonight?",american psycho
L190045,u5076,m336,ERIN,How would you know?,erin brockovich
L37217,u327,m20,BATEMAN,You can always he thinner. Look...better.,american psycho
L36824,u327,m20,BATEMAN,"Why? Were you drinking? Is that why you lost it? Insider trading? Just joking. No, really-were you drinking on the job?",american psycho
L43427,u3681,m243,ALVY,"There's no economic crime, you know, but there's-there's ritual, religious- cult murders, you know, there's wheat- germ killers out here.",annie hall
L213073,u5262,m348,JACK,I don't know.,fight club
L43223,u3681,m243,ALVY,Very big spider.,annie hall
L36865,u327,m20,BATEMAN,"Hey, I'm a child of divorce. Give me a break Hmmm, I see they've omitted the pork loin with lime jello.",american psycho
L251252,u1169,m77,BEN,It's not! I enjoy it! I look forward to it. It's the one thing I have to look forward to.,the graduate
L43197,u3681,m243,ALVY,Oooh.,annie hall
L37363,u327,m20,BATEMAN,I'm leaving now. I've assessed the situation and I'm going.,american psycho
L36928,u327,m20,BATEMAN,"Ah, I see...Yes. Paul's disappearance...Yes.",american psycho
L42563,u3681,m243,ALVY,"Oh, my God! She's right! Why did I turn off Allison Portchnik? She was-she was beautiful. She was willing. She was real... intelligent. Is it the old Groucho Marx joke? That-that I-I just don't wanna belong to any club that would have someone like me for a member?",annie hall
L251318,u1169,m77,BEN,No -- why should I?,the graduate
L250710,u1169,m77,BEN,I have to go now. I'm sorry.,the graduate
L212454,u5262,m348,JACK,Hello?,fight club
L250714,u1169,m77,BEN,Mrs. Robinson?,the graduate
L42707,u3681,m243,ALVY,"Uh, you're driving a-",annie hall
L42889,u3681,m243,ALVY,Those are the two categories...,annie hall
L190362,u5076,m336,ERIN,I know. I'm sorry. Do I get to hear what happened anyway?,erin brockovich
L42688,u3681,m243,ALVY,"You have a car? So... I don't understand why... if you have a car, so then-then wh-why did you say ""Do you have a car?""... like you wanted a lift?",annie hall
L43229,u3681,m243,ALVY,snow shovel or anything or something.,annie hall
L250820,u1169,m77,BEN,Look -- I was thinking about that time after the party --,the graduate
L251562,u1169,m77,BEN,All right then! Yes!,the graduate
L42973,u3681,m243,ALVY,"No, no, no, what... You can once, you can live without it once. Come on.",annie hall
L37118,u327,m20,BATEMAN,"Yes, Courtney?",american psycho
L189586,u5076,m336,ERIN,"Just think of me as the person next door who likes it quiet, and we'll get along fine.",erin brockovich
L251246,u1169,m77,BEN,Well look -- I was kind of upset there. I'm sorry I said those things.,the graduate
L43459,u3681,m243,ALVY,"Oh, Max... no, I maybe I better lie down.",annie hall
L42724,u3681,m243,ALVY,"You keep it nice. Can I ask you, is this-is this a sandwich?",annie hall
L190375,u5076,m336,ERIN,When? Where?,erin brockovich
L36986,u327,m20,BATEMAN,Let me think. The Newport. Harry's. Fluties. Endochine. Nell's. Comell Club. The New York Yacht Club. The regular places.,american psycho
L190186,u5076,m336,ERIN,George!,erin brockovich
L37201,u327,m20,BATEMAN,Oh really? That's great.,american psycho
L250658,u1169,m77,BEN,Please forgive me. Because I like you. I don't think of you that way. But I'm mixed up.,the graduate
L189778,u5076,m336,ERIN,What's going on?,erin brockovich
L251581,u1169,m77,BEN,Elaine -- that is not what happened.,the graduate
L190377,u5076,m336,ERIN,"Okay, good. I think I should be the one to tell 'em, cause they trust me more than --",erin brockovich
L37289,u327,m20,BATEMAN,Really?,american psycho
L37184,u327,m20,BATEMAN,That is...if you're not doing anything.,american psycho
L251400,u1169,m77,BEN,During the day? We'll go for a drive or something.,the graduate
L190330,u5076,m336,ERIN,"Bullshit. You stuck me in Siberia dictating to some God damn steno clerk so you could finish this thing without me. After all I've done for you, that's the thanks I get.",erin brockovich
L36814,u327,m20,BATEMAN,Impressive. Very nice. Let's see Paul Owen's card.,american psycho
L250753,u1169,m77,BEN,No. No -- I'm just -- I'm just a little worried about my future. I'm a little upset about my future.,the graduate
L251649,u1169,m77,BEN,We just can.,the graduate
L190105,u5076,m336,ERIN,"Don't give me that. You're gonna get plenty rich off of this, Mr. 40 percent. We got those PG&E fuckers by the balls here.",erin brockovich
L42432,u3681,m243,ALVY,"I-i-i-i-it's all right, fellas. Jesus, what'd you do, come by way of the Panama Canal?",annie hall
L43057,u3681,m243,ALVY,"Right. Tsch, well, I have to-I have t-o go now, Duane, because I-I'm due back on the planet earth.",annie hall
L189915,u5076,m336,ERIN,I don't get why they'd do that.,erin brockovich
L212542,u5262,m348,JACK,Is it?,fight club
L251340,u1169,m77,BEN,But could you try?,the graduate
L251644,u1169,m77,BEN,How about tomorrow? I don't mean to be pushy but --,the graduate
L36584,u327,m20,BATEMAN,"I'm not sure, guy, but I don't think dyslexia is a virus.",american psycho
L189701,u5076,m336,ERIN,Wow. Why would they do that?,erin brockovich
L190140,u5076,m336,ERIN,That is not what I'm --,erin brockovich
L36978,u327,m20,BATEMAN,He led what I suppose was an orderly life. He... ate a balanced diet.,american psycho
L190188,u5076,m336,ERIN,What's going on? What are you doing?,erin brockovich
L213222,u5262,m348,JACK,Who do you think I am?,fight club
L43604,u3681,m243,ALVY,Sixteen years ago.,annie hall
L37342,u327,m20,BATEMAN,"I think, Evelyn, that we've...lost touch.",american psycho
L251209,u1169,m77,BEN,But why shouldn't I?,the graduate
L212413,u5262,m348,JACK,I mean -- for a living.,fight club
L37450,u327,m20,BATEMAN,What exactly do you mean?,american psycho
L251250,u1169,m77,BEN,Oh no. Look -- I like you. I wouldn't keep coming here if I didn't like you.,the graduate
L42967,u3681,m243,ALVY,"Oh, you-you have to be artificially relaxed before we can go to bed?",annie hall
L212737,u5262,m348,JACK,I am Jack's Cold Sweat.,fight club
L251277,u1169,m77,BEN,I do.,the graduate
L212739,u5262,m348,JACK,"Yes, sire, strange. Very strange.",fight club
L189555,u5076,m336,ERIN,"You said things would be fine, and they're not.",erin brockovich
L212316,u5262,m348,JACK,"Okay, in the Sylvia Plath philosophy way, we're all dying. But you're not dying the way Chloe is dying.",fight club
L43515,u3681,m243,ALVY,Uri Geller must be on the premises someplace.,annie hall
L251196,u1169,m77,BEN,Why not?,the graduate
L190116,u5076,m336,ERIN,You didn't care about my case?,erin brockovich
L36899,u327,m20,BATEMAN,"No, Luis. It's not me. You're mistaken.",american psycho
L212805,u5262,m348,JACK,It isn't... ?,fight club
L42856,u3681,m243,ALVY,"My first... Yes, she was nice, but you know, uh, it was my fault. I was just... I was too crazy.",annie hall
L250721,u1169,m77,BEN,I'm putting it on the top step.,the graduate
L36882,u327,m20,BATEMAN,"Come on, you dumb son of a bitch. I've got a preview of the Barneys catalogue and a bottle of Absolut waiting for us.",american psycho
L212221,u5262,m348,JACK,"Somehow, I realize all of this -- the gun, the bombs, the revolution -- is really about Marla Singer.",fight club
L42696,u3681,m243,ALVY,So sorry.,annie hall
L42769,u3681,m243,ALVY,"Uh, I hate to tell yuh, this is nineteen seventy-five, you know that ""neat"" went out, I would say, at the turn of the century. Who-who are-who are those photos on the wall?",annie hall
L213448,u5262,m348,JACK,Please...,fight club
L212849,u5262,m348,JACK,Nothing.,fight club
L251338,u1169,m77,BEN,"Listen -- could you stop crying, please?",the graduate
L37428,u327,m20,BATEMAN,Jean-I'm not-,american psycho
L42585,u3681,m243,ALVY,All right! All right! All right! All right! Whatta yuh mean? Are yuh gonna take pictures now?,annie hall
L36620,u327,m20,BATEMAN,Just...say...no.,american psycho
L189637,u5076,m336,ERIN,I'm never here. I gotta leave 'em with this weird sitter all afternoon who costs a fortune and smells like chicken fat.,erin brockovich
L250883,u1169,m77,BEN,You? Oh no. No. I'll get it.,the graduate
L43138,u3681,m243,ALVY,David! David! I can't believe this!,annie hall
L37206,u327,m20,BATEMAN,Yes? You're dressed...okay.,american psycho
L251647,u1169,m77,BEN,Well -- look -- don't be confused. We're getting married.,the graduate
L189589,u5076,m336,ERIN,You want my number?,erin brockovich
L251777,u1169,m77,BEN,Is the doctor anywhere?,the graduate
L212635,u5262,m348,JACK,Fight club became the reason to cut your hair short and trim your fingernails.,fight club
L251192,u1169,m77,BEN,So old Elaine Robinson got started in a Ford.,the graduate
L42929,u3681,m243,ALVY,"I love you. You know I lo-ove you, I-I love you. I-I have to invent- Of course I love you.",annie hall
L213094,u5262,m348,JACK,... A person.,fight club
L251042,u1169,m77,BEN,I'm not. But I'm -- I'm not very proud of what I do. I usually get kind of drunk. I usually drive over to Los Angeles and go to some bars and get kind of drunk. Then I take a hotel room. So I won't have to drive home on the freeway. I mean it kind of scares me to drive home after --,the graduate
L251361,u1169,m77,BEN,Nothing. I'm just wondering if they have a bar or not. I mean let's go see. Let's go see if they do or not.,the graduate
L213355,u5262,m348,JACK,"Okay, if that's what it takes, you'll never have to see me again. Here... here...",fight club
L42626,u3681,m243,ALVY,I'm so tired of spending evenings making fake insights with people who work for Dysentery.,annie hall
L212853,u5262,m348,JACK,I think everything's okay here.,fight club
L213325,u5262,m348,JACK,"Absolutely, you have every right. I need you to do me a favor.",fight club
L43494,u3681,m243,ALVY,"Yeah, she's a ten, Max, and that's great for you because you're-you're used to twos, aren't you?",annie hall
L190383,u5076,m336,ERIN,Fuck Kurt.,erin brockovich
L37012,u327,m20,BATEMAN,Had his apartment been burglarized?,american psycho
L43221,u3681,m243,ALVY,"Darling, darling, I've been killing spiders since I was thirty, okay?",annie hall
L42686,u3681,m243,ALVY,"No, um... I was gonna take a cab.",annie hall
L42987,u3681,m243,ALVY,"Yeah, but that's not-that's no good. I want the whole thing.",annie hall
L43076,u3681,m243,ALVY,Paranoid? I'm looking at you. You got your arms around another guy.,annie hall
L37125,u327,m20,BATEMAN,Detective Kendall...uh Campbell? KIMBALL Kimball. Call me Don.,american psycho
L36723,u327,m20,BATEMAN,Pumpkin you're dating an asshole.,american psycho
L43585,u3681,m243,ALVY,We can always come back together again. Because there's no-there's no problem. 'Cause... Right.,annie hall
L42931,u3681,m243,ALVY,Don't you think I do?,annie hall
L37191,u327,m20,BATEMAN,"No, come on. Anywhere you want.",american psycho
L189509,u5076,m336,ERIN,"Oh, please, it was long over by then. God damn, he made me look like some cheap --",erin brockovich
L213402,u5262,m348,JACK,Since when is Project Mayhem about murder?,fight club
L190001,u5076,m336,ERIN,-- who happens to know they poisoned people and lied about it.,erin brockovich
L212809,u5262,m348,JACK,... Marla ... ?,fight club
L250652,u1169,m77,BEN,Aren't you?,the graduate
L37365,u327,m20,BATEMAN,I'm just leaving.,american psycho
L190090,u5076,m336,ERIN,"They covered 'em over. And not too carefully either, cause you dig one inch under the surface, and the dirt is green as a fucking shamrock.",erin brockovich
L42651,u3681,m243,ALVY,"Oh, you got a headache!",annie hall
L189787,u5076,m336,ERIN,"I am not talking to you, bitch.",erin brockovich
L36878,u327,m20,BATEMAN,"Another Martini, Paul?",american psycho
L42701,u3681,m243,ALVY,Oh - you're an actress.,annie hall
L251044,u1169,m77,BEN,"You believe me, don't you?",the graduate
L189711,u5076,m336,ERIN,Seems like an awful big coincidence -- your water being messed with and you being so sick.,erin brockovich
L43513,u3681,m243,ALVY,"Hey, you guys are wearin' white. It must be in the stars.",annie hall
L250875,u1169,m77,BEN,"Nervous. Well, I am a bit nervous. I mean it's -- it's pretty hard to be suave when you're --",the graduate
L251285,u1169,m77,BEN,Now listen -- this was not my idea. It was my father's idea.,the graduate
L212750,u5262,m348,JACK,Huh?,fight club
L189613,u5076,m336,ERIN,I guess I'm not the right kind.,erin brockovich
L189575,u5076,m336,ERIN,"I don't wanna take your money, Mr. Masry.",erin brockovich
L251416,u1169,m77,BEN,How?,the graduate
L250898,u1169,m77,BEN,Luggage? Yes. Yes. I do.,the graduate
L251038,u1169,m77,BEN,"Oh. Well, I don't. Shall I tell you what I do?",the graduate
L37318,u327,m20,BATEMAN,You're at Paul Owen s.,american psycho
L251585,u1169,m77,BEN,-- and when we got up in the room she starts taking her her clothes off -- and --,the graduate
L42937,u3681,m243,ALVY,"Yeah, but you-you got a nice apartment.",annie hall
L36964,u327,m20,BATEMAN,"No, I guess it's okay.",american psycho
L250596,u1169,m77,BEN,Let's go.,the graduate
L42703,u3681,m243,ALVY,"I, uh... well, you're not from New York, right?",annie hall
L250962,u1169,m77,BEN,Oh -- yes. Wood?,the graduate
L37165,u327,m20,BATEMAN,Don't tell me...merchant banking?,american psycho
L190119,u5076,m336,ERIN,"Well, good, Ed. I like working with you too.",erin brockovich
L251084,u1169,m77,BEN,Yes I do.,the graduate
L250692,u1169,m77,BEN,But I just -- Look -- what if Mr. Robinson walked in right now?,the graduate
L42861,u3681,m243,ALVY,"""There goes another novel."" Jesus, you were great.",annie hall
L37361,u327,m20,BATEMAN,"If you really want to do something for me, you can stop making this scene right now.",american psycho
L189525,u5076,m336,ERIN,"Wow, that's soon --",erin brockovich
L42833,u3681,m243,ALVY,Yeah!,annie hall
L251698,u1169,m77,BEN,"It was nothing to do with you, sir.",the graduate
L189997,u5076,m336,ERIN,"Okay, so here's what I'll do. I'll go on up to Ted and Rita Daniels -- two of the nicest people you'd ever hope to meet, who spend every single day watching their little girl fight like a dog against this cancer -- I'll tell them we can't help them cause you don't feel like working that hard.",erin brockovich
L37028,u327,m20,BATEMAN,"Absolutely, I'm 100% with you.",american psycho
L43121,u3681,m243,ALVY,Whatta you mean? Me?,annie hall
L43129,u3681,m243,ALVY,"Yeah, but you said, ""Will it change my wife""!",annie hall
L36961,u327,m20,BATEMAN,Bad habit.,american psycho
L37076,u327,m20,BATEMAN,How did you guess?,american psycho
L189490,u5076,m336,ERIN,"... Matthew's six, Katie's four, and Beth's just nine months.",erin brockovich
L189622,u5076,m336,ERIN,"I had a good neighbor, George. She was 60 and Mexican and she watched my kids for free. Something tells me you're not gonna be able to measure up to that.",erin brockovich
L43004,u3681,m243,ALVY,Are yuh?,annie hall
L43651,u3681,m243,ALVY,"Since you put it that way. It's hard for me to refuse...have a, I have a terrific problem with authority, you know. I'm... it's not your fault. Don't take it personal.",annie hall
L251472,u1169,m77,BEN,About an hour ago.,the graduate
L251108,u1169,m77,BEN,Please. Now tell me. How do you know he won't wake up sometime and follow you.,the graduate
L43086,u3681,m243,ALVY,"""Neat""! There's that- What are you- twelve years old? That's one o' your Chippewa Falls expressions! ""He thinks I'm neat.""",annie hall
L189877,u5076,m336,ERIN,It was right up on the PG&E property over there.,erin brockovich
L37359,u327,m20,BATEMAN,I know my behavior is...erratic sometimes.,american psycho
L189517,u5076,m336,ERIN,"Hi, sweetie. Were you a good girl? Where are Matt and Katie?",erin brockovich
L251377,u1169,m77,BEN,I don't know. They must think I look like this guy Gladstone.,the graduate
L190328,u5076,m336,ERIN,How dare you take that away from me.,erin brockovich
L42789,u3681,m243,ALVY,"'cause, uh, you never know what's gonna happen.",annie hall
L212872,u5262,m348,JACK,"Yeah, both of us.",fight club
L43084,u3681,m243,ALVY,"Hey, don't knock masturbation! It's sex with someone I love.",annie hall
L189519,u5076,m336,ERIN,"It'll be fine, yeah.",erin brockovich
L36982,u327,m20,BATEMAN,No. Not really.,american psycho
L250739,u1169,m77,BEN,Yes. Yes. Let me out!,the graduate
L212540,u5262,m348,JACK,Strange.,fight club
L251295,u1169,m77,BEN,Hello.,the graduate
L213329,u5262,m348,JACK,Because... I'm Tyler Durden.,fight club
L42547,u3681,m243,ALVY,It-but it-it... doesn't make any sense. He drove past the book depository and the police said conclusively that it was an exit wound. So-how is it possible for Oswald to have fired from two angles at once? It doesn't make sense.,annie hall
L251410,u1169,m77,BEN,Mrs. Robinson -- I have a date with Elaine. We're going for a drive.,the graduate
L42903,u3681,m243,ALVY,Look at these guys.,annie hall
L37239,u327,m20,BATEMAN,Jean? What?,american psycho
L190468,u5076,m336,ERIN,How come you didn't say anything when you found these things?,erin brockovich
L250643,u1169,m77,BEN,"Mrs. Robinson, you didn't -- I mean you didn't expect --",the graduate
L251670,u1169,m77,BEN,Why don't I just drag you off? All right -- I will. Right after we get the blood tests.,the graduate
L212465,u5262,m348,JACK,I guess so.,fight club
L212898,u5262,m348,JACK,Six months advance pay. Six months!,fight club
L189946,u5076,m336,ERIN,"Look, I know you're mad. But the way this job is, things come up at the last minute, real important things, and I gotta deal with them. Now I don't like me missing dinner any more than you do, but we're all gonna have to get used to it, cause the fact is, it's gonna happen sometimes.",erin brockovich
L213362,u5262,m348,JACK,"Yes, fine. Just, get on. Stay away a couple of weeks, at least.",fight club
L43530,u3681,m243,ALVY,Hey.,annie hall
L212660,u5262,m348,JACK,So you're staying in tonight?,fight club
L42963,u3681,m243,ALVY,"Yeah, grass, right? The illusion that it will make a white woman more like Billie Holiday.",annie hall
L190459,u5076,m336,ERIN,Did you get a look at the stuff you destroyed?,erin brockovich
L213047,u5262,m348,JACK,I don't think that's true.,fight club
L37152,u327,m20,BATEMAN,"No. Flattering, but no.",american psycho
L37131,u327,m20,BATEMAN,"Yeah. No Finlandia, as usual. Fucking dump.",american psycho
L250725,u1169,m77,BEN,I'd rather not.,the graduate
L251380,u1169,m77,BEN,Do you?,the graduate
L42581,u3681,m243,ALVY,"Annie, there's a big lobster behind the refrigerator. I can't get it out. This thing's heavy. Maybe if I put a little dish of butter sauce here with a nutcracker, it will run out the other side, you know what I mean?",annie hall
L251240,u1169,m77,BEN,Well two minutes ago you told me I wasn't good enough for your daughter. Now you say you're sorry I got that impression.,the graduate
L189582,u5076,m336,ERIN,"What the hell do you think you're doing, making all that Goddamn noise?",erin brockovich
L212610,u5262,m348,JACK,Yes.,fight club
L37167,u327,m20,BATEMAN,Where to? Morgan Stanley? Rehab? What?,american psycho
L36942,u327,m20,BATEMAN,"Oh right. Well, I haven't heard anything about the disappearance or anything... Not on ""Page Six"" at least.",american psycho
L190524,u5076,m336,ERIN,What is that?,erin brockovich
L189719,u5076,m336,ERIN,"You think it could make you sick, living in a place like this?",erin brockovich
L37394,u327,m20,BATEMAN,Oh. KIMBALL Now where were you?,american psycho
L37414,u327,m20,BATEMAN,"No. Yes. I mean yes, I did. In the Times. But... doesn't Paul Owen still live here?",american psycho
L213337,u5262,m348,JACK,"I deserve that. Anyway, I've... I've only just realized",fight club
L213409,u5262,m348,JACK,"If I'm wrong, we're both dead..",fight club
L250520,u1169,m77,BEN,I'm just --,the graduate
L42815,u3681,m243,ALVY,"Yeah, I meet a lotta jerks, too.",annie hall
L251404,u1169,m77,BEN,Because I wouldn't want you to do it unless you really wanted to!,the graduate
L42731,u3681,m243,ALVY,You want your gear? Here you go.,annie hall
L43564,u3681,m243,ALVY,"Tsch, I know. A relationship, I think, is-is like a shark, you know? It has to constantly move forward or it dies. And I think what we got on our hands is a dead shark.",annie hall
L43268,u3681,m243,ALVY,"Yeah, the neighborhood's gonna be great.",annie hall
L250824,u1169,m77,BEN,Uh -- The Taft Hotel.,the graduate
L212533,u5262,m348,JACK,This is crazy.,fight club
L212251,u5262,m348,JACK,Can't you give me something?,fight club
L36913,u327,m20,BATEMAN,Tell him I'm at lunch.,american psycho
L43209,u3681,m243,ALVY,"What is this? What are you, since when do you read the ""National Review""? What are you turning in to?",annie hall
L212370,u5262,m348,JACK,In case we want to switch nights.,fight club
L36725,u327,m20,BATEMAN,Pumpkin you're dating the biggest dickweed in New York.,american psycho
L37101,u327,m20,BATEMAN,What...is...it?,american psycho
L251387,u1169,m77,BEN,It just happened. It was just this thing that happened along with everything else. Can you understand that?,the graduate
L251182,u1169,m77,BEN,Oh no. In the car you did it?,the graduate
L251714,u1169,m77,BEN,You miss the point.,the graduate
L42971,u3681,m243,ALVY,"Oh, come, you don't need that.",annie hall
L251270,u1169,m77,BEN,"Next time he suggests it, I'll tell him I have no intention of ever calling her up in my life.",the graduate
L189618,u5076,m336,ERIN,No.,erin brockovich
L37397,u327,m20,BATEMAN,So who was he with?,american psycho
L251003,u1169,m77,BEN,You got me.,the graduate
L250761,u1169,m77,BEN,Sir?,the graduate
L36833,u327,m20,BATEMAN,"Listen, do you think it's fair to take money from people who do have jobs? From people who do work?",american psycho
L251130,u1169,m77,BEN,How many times a year.,the graduate
L189597,u5076,m336,ERIN,"Yeah. Sexy, huh? And here's another: five. That's how old my other daughter is. Seven is my son's age. Two is how many times I been married and divorced. You getting all this? 16 is the number of dollars in my bank account. 454-3943 is my phone number. And with all the other numbers I gave you, I'm guessing zero is the number of times you're gonna call it.",erin brockovich
L213454,u5262,m348,JACK,Paraffin. Your merry band mixed the nitro with paraffin. I saw it floating in the bomb.,fight club
L43195,u3681,m243,ALVY,"That's what you got me here for at three o'clock in the morning, 'cause there's a spider in the bathroom?",annie hall
L190327,u5076,m336,ERIN,"<u>Not personal</u>? That's my <u>work</u> in there, Ed. My sweat, my labor, my time. If that's not personal, I don't know what is.",erin brockovich
L43624,u3681,m243,ALVY,"That's right, 'cause it's an important issue.",annie hall
L189827,u5076,m336,ERIN,"Oh, yeah?",erin brockovich
L36789,u327,m20,BATEMAN,It's...it's...all right.,american psycho
L213231,u5262,m348,JACK,"Will you just answer me, for Christsake?!",fight club
L212302,u5262,m348,JACK,"If I did have a tumor, I'd name it Marla. Marla...the little scratch on the roof of your mouth that would heal if only you could stop tonguing it, but you can't.",fight club
L42965,u3681,m243,ALVY,"Me, no. You... I-I-you know, if I have grass or alcohol or anything I get unbearably wonderful. I get too, too wonderful for words. You know, I don't-I don't know why you have to, uh, get high every time we make love.",annie hall
L190161,u5076,m336,ERIN,"I'm gonna assume that was meant as a compliment, Anna, and just say thank you.",erin brockovich
L189713,u5076,m336,ERIN,What're you doing?,erin brockovich
L212314,u5262,m348,JACK,I'm on to you. You're a faker. You aren't dying.,fight club
L212870,u5262,m348,JACK,Look at my face.,fight club
L212511,u5262,m348,JACK,"It's called a ""changeover."" The movie goes on, and nobody in the audience has any idea.",fight club
L190200,u5076,m336,ERIN,I need it.,erin brockovich
L42434,u3681,m243,ALVY,"Bad mood? I'm standing with the cast of ""The Godfather.""",annie hall
L212819,u5262,m348,JACK,Hmm?,fight club
L42512,u3681,m243,ALVY,"It's always some kind of an excuse. It's- You know, you used to think that I was very sexy. What... When we first started going out, we had sex constantly... We're-we're probably listed in the Guinness Book of World Records.",annie hall
L36731,u327,m20,BATEMAN,I'm thinking Dorsia.,american psycho
L37463,u327,m20,BATEMAN,"Now, Carnes, listen to me. Listen very, very carefully. I killed Paul Owen and I liked it. I can't make myself any clearer",american psycho
L251531,u1169,m77,BEN,Oh.,the graduate
L43219,u3681,m243,ALVY,Is he in the bathroom?,annie hall
L43492,u3681,m243,ALVY,V.P.L.?,annie hall
L36911,u327,m20,BATEMAN,Who?,american psycho
L251202,u1169,m77,BEN,Well -- I guess I'll have to ask her out on a date and find out what's --,the graduate
L36922,u327,m20,BATEMAN,Hi. Pat Bateman. Nice to meet you.,american psycho
L190282,u5076,m336,ERIN,Annabelle Daniels. 714-454-9346.,erin brockovich
L212456,u5262,m348,JACK,Tyler?,fight club
L251079,u1169,m77,BEN,Then why do you want to talk about it?,the graduate
L190088,u5076,m336,ERIN,"They used the hex chrom here, in these cooling tanks, as an anti-corrosive. Then they dumped it here, in these six ponds.",erin brockovich
L213505,u5262,m348,JACK,Don't ask.,fight club
L189572,u5076,m336,ERIN,Oh. Okay. That's okay.,erin brockovich
L42407,u3681,m243,ALVY,"Once in a while, you know. I mean, you know, every now-",annie hall
L42496,u3681,m243,ALVY,Tell him.,annie hall
L250723,u1169,m77,BEN,I'm putting it here by the door.,the graduate
L42917,u3681,m243,ALVY,"Uh... uh, you're-you're exceptional in bed because you got -you get pleasure in every part of your body when I touch you.",annie hall
L250733,u1169,m77,BEN,Jesus Christ!,the graduate
L43372,u3681,m243,ALVY,"Well, we never have any laughs anymore, is the problem.",annie hall
L212555,u5262,m348,JACK,I know that.,fight club
L212293,u5262,m348,JACK,"-- But, in here, in everyone, there's the squint of a five-day headache. Yet they forced themselves to be positive. They never said ""parasite;"" they said ""agent."" They always talked about getting better.",fight club
L37103,u327,m20,BATEMAN,I've gotta...I've gotta...return some videotapes.,american psycho
L42885,u3681,m243,ALVY,"big subject with me, yeah.",annie hall
L42981,u3681,m243,ALVY,"I don't know, but you seem sort of distant.",annie hall
L213281,u5262,m348,JACK,You took me to the house.,fight club
L37409,u327,m20,BATEMAN,I'm looking for...Paul Owen's...place.,american psycho
L213407,u5262,m348,JACK,"If you know, I know.",fight club
L213301,u5262,m348,JACK,Who is this?,fight club
L189798,u5076,m336,ERIN,Great.,erin brockovich
L250574,u1169,m77,BEN,It's down the hall.,the graduate
L251725,u1169,m77,BEN,Mr. McCleery -- do you have some change? I need to use the phone?,the graduate
L251057,u1169,m77,BEN,All we ever do is come up here and throw off the clothes and leap into bed together.,the graduate
L190430,u5076,m336,ERIN,"Well, I was gonna head over to the Browns now. I was thinking -- Mandy really values your opinion ...",erin brockovich
L36647,u327,m20,BATEMAN,No-I can't take the time off work.,american psycho
L251573,u1169,m77,BEN,You've got to tell me what she said.,the graduate
L189929,u5076,m336,ERIN,Yeah. Who are you?,erin brockovich
L213440,u5262,m348,JACK,I think this is about where we came in.,fight club
L36831,u327,m20,BATEMAN,"I know that, I know that. Jeez, you're like a broken record. I'm trying to help you.",american psycho
L42524,u3681,m243,ALVY,"No, it can't be, because he's a comic.",annie hall
L42827,u3681,m243,ALVY,"Oh, listen, so the audience was a tad restless.",annie hall
L212885,u5262,m348,JACK,I Am Jack's Complete Lack of Surprise.,fight club
L190207,u5076,m336,ERIN,What?,erin brockovich
L42374,u3681,m243,ALVY,"Tell the folks where you are today, Donald.",annie hall
L189971,u5076,m336,ERIN,"And I realized, he's taking a chance too.",erin brockovich
L250984,u1169,m77,BEN,Are you kidding?,the graduate
L213255,u5262,m348,JACK,I don't know! Tell me!,fight club
L43088,u3681,m243,ALVY,"Next thing you know he'll find you keen and peachy, you know? Next thing you know he's got his hand on your ass!",annie hall
L251406,u1169,m77,BEN,You do?,the graduate
L190006,u5076,m336,ERIN,"Okay, fine. I don't know shit about shit. But I know the difference --",erin brockovich
L190472,u5076,m336,ERIN,Morning!,erin brockovich
L213081,u5262,m348,JACK,That... sawing and hammering.,fight club
L250855,u1169,m77,BEN,No -- actually I'm just looking for a friend.,the graduate
L189489,u5076,m336,ERIN,... couldn't take painkillers cause they made me too groggy to take care of my kids.,erin brockovich
L190196,u5076,m336,ERIN,"I can't leave my job, George.",erin brockovich
L36825,u327,m20,BATEMAN,"Gee, uh, that's too bad.",american psycho
L250906,u1169,m77,BEN,I mean I'd -- I'd rather not go to the trouble of bringing it all in. I just have a toothbrush. I can get it myself. If that's all right.,the graduate
L189848,u5076,m336,ERIN,I want a raise. And benefits. Including dental.,erin brockovich
L213024,u5262,m348,JACK,"Why wasn't I told about ""Project Mayhem?""",fight club
L251781,u1169,m77,BEN,Thank you.,the graduate
L42614,u3681,m243,ALVY,"Yeah, I-I think you're pretty lucky I came along.",annie hall
L43176,u3681,m243,ALVY,Are you?,annie hall
L42823,u3681,m243,ALVY,"That's okay, 'cause I know exactly what that's like. Listen-",annie hall
L42657,u3681,m243,ALVY,"Well, I'm-I'm gonna take another in a series of cold showers.",annie hall
L251627,u1169,m77,BEN,I don't understand.,the graduate
L36829,u327,m20,BATEMAN,You're not what? Qualified for anything else?,american psycho
L42508,u3681,m243,ALVY,What-what-what-what's the matter?,annie hall
L251673,u1169,m77,BEN,Carl who?,the graduate
L37353,u327,m20,BATEMAN,"Yes, I am.",american psycho
L251638,u1169,m77,BEN,But you might.,the graduate
L212752,u5262,m348,JACK,"Shhhhhh! I don't know what to make of this, sir, I really don't...",fight club
L190371,u5076,m336,ERIN,"I'm sorry, are you saying that if this thing goes to trial, it'll be <u>ten years</u> before these plaintiffs see their money?",erin brockovich
L42504,u3681,m243,ALVY,"You? You kiddin'? If the Gestapo would take away your Bloomingdale's charge card, you'd tell 'em everything.",annie hall
L189695,u5076,m336,ERIN,"Yeah, I can see that. I guess the only thing that confused me is - - not that your medical problems aren't important, but -- how come the files about them are in with all the real estate stuff?",erin brockovich
L251194,u1169,m77,BEN,Don't talk about Elaine?,the graduate
L42939,u3681,m243,ALVY,"Yeah, I know it's small.",annie hall
L251031,u1169,m77,BEN,No wait. Wait.,the graduate
L42427,u3681,m243,ALVY,Your girl friend's name is Ralph?,annie hall
L37159,u327,m20,BATEMAN,Leaving what?,american psycho
L36889,u327,m20,BATEMAN,"Yes, Owen?",american psycho
L36677,u327,m20,BATEMAN,He has a great body,american psycho
L42567,u3681,m243,ALVY,"Well, maybe we should just call the police. Dial nine-one-one, it's the lobster squad.",annie hall
L42781,u3681,m243,ALVY,"No, I know, but... but, you know, I'm all perspired and everything.",annie hall
L189726,u5076,m336,ERIN,"... and when I realized our area's just as bad as Hinkley, I thought maybe my neighbors are all sick too. So I went and asked.",erin brockovich
L251706,u1169,m77,BEN,"No, I don't.",the graduate
L42841,u3681,m243,ALVY,"Yeah, why not, because we're just gonna go home later, right?",annie hall
L251007,u1169,m77,BEN,Oh -- not too much. Taking it easy.,the graduate
L43396,u3681,m243,ALVY,"Oh, I'm sure it's a lot of fun, 'cause the Incas did it, you know, and-and they-they-they were a million laughs.",annie hall
L190041,u5076,m336,ERIN,I'm not in danger. I have a dead bolt. Remember?,erin brockovich
L37172,u327,m20,BATEMAN,Oh really? DAISY He said... He said you gave him bad vibes.,american psycho
L250974,u1169,m77,BEN,This is all terribly wrong.,the graduate
L189488,u5076,m336,ERIN,"They took some bone from my hip and put it in my neck. I didn't have insurance, so I'm about seventeen thousand in debt right now.",erin brockovich
L42854,u3681,m243,ALVY,Nothing that a few mega-vitamins couldn't cure.,annie hall
L212791,u5262,m348,JACK,"Guided meditation worked for cancer, it could work for this.",fight club
L189685,u5076,m336,ERIN,Yeah? I should learn to do stuff like that. They make the place feel real homey.,erin brockovich
L250964,u1169,m77,BEN,Wood or wire? They have both.,the graduate
L250835,u1169,m77,BEN,Oh -- yes. The Singleman party.,the graduate
L251433,u1169,m77,BEN,Hurry up. Put your shoes on.,the graduate
L37355,u327,m20,BATEMAN,We never really shared one.,american psycho
L251779,u1169,m77,BEN,Listen to me. I am Dr. Smith's brother -- Reverend Smith -- and I am supposed to perform the ceremony. I just got in -- from -- Portland -- and I've forgotten what church -- you see?,the graduate
L42791,u3681,m243,ALVY,"Fifteen years, yeah.",annie hall
L250696,u1169,m77,BEN,Of course he does. But he might get the wrong idea. Anyone might.,the graduate
L43528,u3681,m243,ALVY,Trigger.,annie hall
L213139,u5262,m348,JACK,The Paper Street Soap Company.,fight club
L212363,u5262,m348,JACK,We'll split it. You get it the first and third Sunday of the month.,fight club
L251614,u1169,m77,BEN,My belt.,the graduate
L251022,u1169,m77,BEN,I drive around.,the graduate
L212484,u5262,m348,JACK,"Well, I have to file a claim...",fight club
L42510,u3681,m243,ALVY,"What-what-I don't... It's not natural! We're sleeping in a bed together. You know, it's been a long time.",annie hall
L36763,u327,m20,BATEMAN,I'm ignoring you.,american psycho
L42522,u3681,m243,ALVY,"What do you mean, next?",annie hall
L43211,u3681,m243,ALVY,It's wonderful. Then why don'tcha get William F. Buckley to kill the spider?,annie hall
L42389,u3681,m243,ALVY,"Wh- How am I a paran-? Well, I pick up on those kind o' things. You know, I was having lunch with some guys from NBC, so I said... uh, ""Did you eat yet or what?"" and Tom Christie said, ""No, didchoo?"" Not, did you, didchoo eat? Jew? No, not did you eat, but Jew eat? Jew. You get it? Jew eat?",annie hall
L189506,u5076,m336,ERIN,That asshole smashed in my fucking neck!,erin brockovich
L42859,u3681,m243,ALVY,As Balzac said...,annie hall
L37278,u327,m20,BATEMAN,"No, I like music. Just-they're-Huey's too... black sounding. For me.",american psycho
L43258,u3681,m243,ALVY,"Tsch, why don't we get... why don't we get Rob, and the three of us'll drive into Brooklyn, you know, and we show you the old neighborhood.",annie hall
L42403,u3681,m243,ALVY,"No. Yeah, once in a while. You know, like occasionally.",annie hall
L36901,u327,m20,BATEMAN,Commes des Garcon.,american psycho
L42387,u3681,m243,ALVY,"No, I'm not. We were walking off the tennis court, and you know, he was there and me and his wife, and he looked at her and then they both looked at me, and under his breath he said, ""Jew.""",annie hall
L212521,u5262,m348,JACK,He was the guerrilla terrorist of the food service industry.,fight club
L212346,u5262,m348,JACK,You're kidding.,fight club
L190342,u5076,m336,ERIN,"I never forget, honey. I try, real hard. It's just, for some reason, I don't seem to be able to organize things right and -- when it comes to you guys, I end up falling short.",erin brockovich
L189557,u5076,m336,ERIN,"I don't need pity. I need a paycheck. And I've looked, but when you've spent the last six years raising babies, it's real hard to convince someone to give you a job that pays worth a damn. So I figure, since you're the one who said I was gonna be okay, you should be the one to hire me.",erin brockovich
L37399,u327,m20,BATEMAN,"Oh, right. Of course...We had wanted Paul Owen to come. But he said he had plans...I guess I had dinner with Victoria...the following night.",american psycho
L43123,u3681,m243,ALVY,Sinatra had gl- You never said Sinatra had glasses. So whatta you saying that I-I'm suffocating you?,annie hall
L36765,u327,m20,BATEMAN,"What do you want, Courtney?",american psycho
L43356,u3681,m243,ALVY,"yes, we had, uh...",annie hall
L42713,u3681,m243,ALVY,For yuh.,annie hall
L190286,u5076,m336,ERIN,She insulted me!,erin brockovich
L189752,u5076,m336,ERIN,"Well, believe it or not, I am on the prowl for some water records.",erin brockovich
L250956,u1169,m77,BEN,Sure. Shall I -- I mean shall I just stand here? I mean -- I don't know what you want me to do.,the graduate
L251136,u1169,m77,BEN,Wait a minute. So you wouldn't say you loved him.,the graduate
L43205,u3681,m243,ALVY,"Oh, yeah, really? Really? How-how'd you like it? Was it-was it, I mean, did it... was it heavy? Did it achieve total heavy-ocity? Or was it, uh...",annie hall
L251604,u1169,m77,BEN,Mr. McCleery?,the graduate
L251238,u1169,m77,BEN,Of course you did.,the graduate
L213220,u5262,m348,JACK,What?,fight club
L36811,u327,m20,BATEMAN,I can't believe that Price prefers McDermott's card to mine.,american psycho
L212973,u5262,m348,JACK,Tell him!,fight club
L36903,u327,m20,BATEMAN,"Jesus lives, Luis.",american psycho
L212954,u5262,m348,JACK,What are we doing?,fight club
L42528,u3681,m243,ALVY,"No, I'm sorry, I'm not goin'- I can't... I don't wanna go on after that comedian.",annie hall
L212355,u5262,m348,JACK,"Then, take blood parasites. It's yours. Now we each have three.",fight club
L189831,u5076,m336,ERIN,"Now, why in the hell would you assume that?",erin brockovich
L43318,u3681,m243,ALVY,Try it... it'll add years to our sex life.,annie hall
L43239,u3681,m243,ALVY,"Whatta you mean, don't go? Whatta- whatta what's the matter? Whatta you expecting termites? What's the matter?",annie hall
L43626,u3681,m243,ALVY,"I can't enjoy anything unless I... unless everybody is. I-you know, if one guy is starving someplace, that's... you know, I-I... it puts a crimp in my evening. So wanna get married or what?",annie hall
L212736,u5262,m348,JACK,"No, I wasn't aware...",fight club
L250628,u1169,m77,BEN,Well -- I've always thought that you were a very -- nice -- person.,the graduate
L212360,u5262,m348,JACK,The girl had done her homework.,fight club
L250972,u1169,m77,BEN,Mrs. Robinson -- I can't do this.,the graduate
L190304,u5076,m336,ERIN,So did I.,erin brockovich
L250927,u1169,m77,BEN,But there's one thing. The desk clerk seemed to be a little bit suspicious. I mean -- I don't know what their policy is -- but --,the graduate
L251616,u1169,m77,BEN,No. I have two. The other one is the one I'm looking for. What's this? It's from my grandmother.,the graduate
L251444,u1169,m77,BEN,Yes. The married woman -- it wasn't just some woman --,the graduate
L251702,u1169,m77,BEN,I am not threatening you.,the graduate
L37212,u327,m20,BATEMAN,Jean? Sorbet?,american psycho
L42751,u3681,m243,ALVY,"No, no, that'll be fine. I don't mind. Sure.",annie hall
L189553,u5076,m336,ERIN,"There's two things I can't stand, Mr. Masry. Being ignored, and being lied to. You did both.",erin brockovich
L43369,u3681,m243,ALVY,"I'm just not... you know, I don't think I could take a mellow eve- 'cause I-I don't respond well to mellow, you know what I mean, I-I have a tendency to... if I get too mellow, I-I ripen and then rot. You know, and it's-it's not good for my...",annie hall
L212644,u5262,m348,JACK,Marla?,fight club
L42645,u3681,m243,ALVY,"Well, I can't li- We can't have this discussion all the time. The country makes me nervous. There's... You got crickets and it-it's quiet... there's no place to walk after dinner, and... uh, there's the screens with the dead moths behind them, and... uh, yuh got the-the Manson family possibly, yuh got Dick and Terry-",annie hall
L37274,u327,m20,BATEMAN,Absolutely. I'm with you on that one.,american psycho
L42551,u3681,m243,ALVY,If they-they recovered the shells from that rifle.,annie hall
L42845,u3681,m243,ALVY,And we'll digest our food better.,annie hall
L251061,u1169,m77,BEN,Anything. Anything at all.,the graduate
L250943,u1169,m77,BEN,"You're welcome. Well -- I'll see you later, Mrs. Robinson.",the graduate
L250586,u1169,m77,BEN,That's right.,the graduate
L42975,u3681,m243,ALVY,"M'm, wait, I got a great idea. Hang in there for a second. I got a little-little artifact. A little erotic artifact, that-that I brought up from the city, which I think, uh, is gonna be perfect. I just... there... There's a little Old New Orleans... essence. Now-now we can go about our business here and we can even develop photographs if we want to. There, now there. M'mmm. M'mmm. Hey, is something wrong?",annie hall
L36628,u327,m20,BATEMAN,"No. No. Be a doll and just get me a Perrier, okay?",american psycho
L251162,u1169,m77,BEN,I mean do you feel like telling me what were the circumstances?,the graduate
L190138,u5076,m336,ERIN,What do you want to talk about instead? <u>Your</u> day? That's a fascinating subject.,erin brockovich
L251260,u1169,m77,BEN,Look. Why the hell did you bring this up. It never occurred to me to take her out.,the graduate
L212320,u5262,m348,JACK,Practicing what?,fight club
L250841,u1169,m77,BEN,No -- actually I'm not --,the graduate
L37195,u327,m20,BATEMAN,Soooo...Dorsia is where Jean wants to go...,american psycho
L43272,u3681,m243,ALVY,"Yeah, well, I used to lose my glasses a lot.",annie hall
L37377,u327,m20,BATEMAN,"Yes, of course. The hash browns are delicious. I'm just...not... ordering them.",american psycho
L37375,u327,m20,BATEMAN,"Not in the mood, I guess.",american psycho
L42478,u3681,m243,ALVY,"Probably on their first date, right?",annie hall
L251180,u1169,m77,BEN,I'm curious.,the graduate
L190130,u5076,m336,ERIN,That's Ed.,erin brockovich
L36907,u327,m20,BATEMAN,What is it?,american psycho
L190152,u5076,m336,ERIN,Jesus. They look like the Secret Service.,erin brockovich
L251333,u1169,m77,BEN,But could I just tell you this one thing?,the graduate
L36793,u327,m20,BATEMAN,Oh yes. I'm very lucky.,american psycho
L37193,u327,m20,BATEMAN,Come on. Where do you want to go? Anywhere you want. Just say it. I can get us in anywhere.,american psycho
L250980,u1169,m77,BEN,Is this -- what?,the graduate
L251739,u1169,m77,BEN,Where is Elaine?,the graduate
L189965,u5076,m336,ERIN,"Boy, do I know how you feel. First time I heard that number, I said you got to be kidding me. Forty God damn percent?",erin brockovich
L37250,u327,m20,BATEMAN,"If you stay, I think something bad will happen. I think I might hurt you. You don't want to get hurt, do you?",american psycho
L189857,u5076,m336,ERIN,There's no way a son of mine hates Funky Town. It's impossible.,erin brockovich
L213084,u5262,m348,JACK,No.,fight club
L212234,u5262,m348,JACK,"It must've been Tuesday. he was wearing his ""cornflower-blue"" tie.",fight club
L213197,u5262,m348,JACK,There's no one else here.,fight club
L42397,u3681,m243,ALVY,"Forget it, Max.",annie hall
L251524,u1169,m77,BEN,"The Zoo. They have a pretty good one here, do they?",the graduate
L213490,u5262,m348,JACK,Do something for me.,fight club
L189641,u5076,m336,ERIN,"Yeah? And what do you do the rest of the time, live off your trust fund?",erin brockovich
L212578,u5262,m348,JACK,Show-off.,fight club
L190184,u5076,m336,ERIN,What are you <u>doing</u>? Where's George?,erin brockovich
L190494,u5076,m336,ERIN,"Well, then -- if you're feeling up to it, maybe we should talk shop.",erin brockovich
L37086,u327,m20,BATEMAN,"No, serial killer, Wisconsin in the fifties. He was an interesting guy.",american psycho
L190061,u5076,m336,ERIN,What? Beth? My Beth?,erin brockovich
L43392,u3681,m243,ALVY,"Yeah, I know it's sick, but it's new. You know, you didn't say it couldn't be sick.",annie hall
L36996,u327,m20,BATEMAN,Do you have any witnesses or fingerprints?,american psycho
L42419,u3681,m243,ALVY,I need a large polo mallet!,annie hall
L37225,u327,m20,BATEMAN,Interesting.,american psycho
L251691,u1169,m77,BEN,The day after tomorrow?,the graduate
L36809,u327,m20,BATEMAN,Nice.,american psycho
L43509,u3681,m243,ALVY,"No, no, I came out here to get some shock therapy, but there was an energy crisis, so I... He's my-my food taster. Have you two met?",annie hall
L42913,u3681,m243,ALVY,You are extremely sexy.,annie hall
L36696,u327,m20,BATEMAN,Well.,american psycho
L36588,u327,m20,BATEMAN,Maybe it's just the light.,american psycho
L213026,u5262,m348,JACK,Why wasn't I involved from the beginning? You and I started fight club together.,fight club
L212839,u5262,m348,JACK,Where? Here?,fight club
L37367,u327,m20,BATEMAN,I have to return some videotapes.,american psycho
L36698,u327,m20,BATEMAN,Then why can't they get these stains out? I mean can you talk to these people or something? I'm not getting anywhere.,american psycho
L251541,u1169,m77,BEN,Here he comes.,the graduate
L37334,u327,m20,BATEMAN,"Well, you went to Sarah Lawrence for one thing.",american psycho
L36651,u327,m20,BATEMAN,Because I...want...to...fit...in.,american psycho
L36649,u327,m20,BATEMAN,I don't want to talk about it.,american psycho
L42628,u3681,m243,ALVY,"Oh, really, I heard that Commentary and Dissent had merged and formed Dysentery.",annie hall
L189551,u5076,m336,ERIN,You never called me back. I left messages.,erin brockovich
L251258,u1169,m77,BEN,"Well don't thank me, because I want you to.",the graduate
L250937,u1169,m77,BEN,Well -- I want you to know how much I appreciate this -- really --,the graduate
L43109,u3681,m243,ALVY,"That's amazing. I-I-I... I've been goin' for fifteen years, I-you know, I don't got... nothing like that in-",annie hall
L36876,u327,m20,BATEMAN,"Cecelia is, well...you know",american psycho
L251029,u1169,m77,BEN,Why did you say that?,the graduate
L43006,u3681,m243,ALVY,"Well, the twelve o'clock show is completely different than the nine.",annie hall
L42624,u3681,m243,ALVY,'Cause I wanna watch the Knicks on television.,annie hall
L212862,u5262,m348,JACK,"Really? Great. Still ""Remaining Men Together?""",fight club
L251651,u1169,m77,BEN,Elaine -- are you serious about this?,the graduate
L212956,u5262,m348,JACK,What is it?,fight club
L190307,u5076,m336,ERIN,PG& -- Are you sure?,erin brockovich
L36802,u327,m20,BATEMAN,Picked them up from the printers yesterday,american psycho
L37014,u327,m20,BATEMAN,"I mean no one's dealing with the homicide squad yet or anything, right?",american psycho
L190506,u5076,m336,ERIN,Any school you want.,erin brockovich
L37230,u327,m20,BATEMAN,Growing. I'm glad you said that.,american psycho
L189825,u5076,m336,ERIN,What are you doing here?,erin brockovich
L251448,u1169,m77,BEN,Elaine --,the graduate
L37392,u327,m20,BATEMAN,He does? You're sure?,american psycho
L212368,u5262,m348,JACK,"Um... Marla, should we maybe exchange numbers?",fight club
L42720,u3681,m243,ALVY,"Yeah. I got, uh, I got a license but I have too much hostility.",annie hall
L212353,u5262,m348,JACK,You can't have the whole brain!,fight club
L42530,u3681,m243,ALVY,"No, because they're-they're laughing, so I-I-I'd rather not. If you don't mind, I prefer-",annie hall
L190049,u5076,m336,ERIN,I didn't say that.,erin brockovich
L36970,u327,m20,BATEMAN,Well...,american psycho
L212691,u5262,m348,JACK,"Yeah, I'm sure.",fight club
L190354,u5076,m336,ERIN,They said that'd be tomorrow. They just wanna keep an eye on me another night.,erin brockovich
L251214,u1169,m77,BEN,"I'm not good enough for her to associate with, am I? I'm not good enough to even talk about her, am I?",the graduate
L190084,u5076,m336,ERIN,Jaguar's a darn pretty car.,erin brockovich
L42957,u3681,m243,ALVY,"'Cause adult education's a wonderful thing. You meet a lotta interesting professors. You know, it's stimulating.",annie hall
L212649,u5262,m348,JACK,I found a new one.,fight club
L189977,u5076,m336,ERIN,Uh-huh?,erin brockovich
L251344,u1169,m77,BEN,I've had this feeling -- ever since I've graduated -- this -- kind of compulsion that I have to be rude all the time. Do you know what I mean?,the graduate
L213077,u5262,m348,JACK,I don't understand. Why does a weak person have to go out and find a strong person... to hang onto?,fight club
L42591,u3681,m243,ALVY,"Well, then, w-who was?",annie hall
L213479,u5262,m348,JACK,"I swear on my life, I won't...",fight club
L43252,u3681,m243,ALVY,"Oh, no, no, I think we're both much too mature for something like that.",annie hall
L212237,u5262,m348,JACK,He was full of pep. Must've had his grande latte enema.,fight club
L213067,u5262,m348,JACK,You... don't have to... leave.,fight club
L42526,u3681,m243,ALVY,"So what are you telling me, you're putting on two comics in a row?",annie hall
L43191,u3681,m243,ALVY,Are you okay? What's the matter? Are you all right? What-,annie hall
L251229,u1169,m77,BEN,You're goddamn right I am.,the graduate
L250632,u1169,m77,BEN,Look -- I think I should be going --,the graduate
L190080,u5076,m336,ERIN,That's okay. I understand.,erin brockovich
L212699,u5262,m348,JACK,"Oh, and my pace is more librarians.",fight club
L213143,u5262,m348,JACK,He's not here! Tyler's not here anymore! He's gone away!,fight club
L36880,u327,m20,BATEMAN,"Two-hundred-and-fifty. Very reasonable. Let's leave a big tip, shall we? My place hr a nightcap?",american psycho
L42480,u3681,m243,ALVY,"Probably met by answering an ad in the New York Review of Books. ""Thirtyish academic wishes to meet woman who's interested in Mozart, James Joyce and sodomy."" Whatta you mean, our sexual problem?",annie hall
L42905,u3681,m243,ALVY,"Oh, that's hilarious. They're back from Fire Island. They're... they're sort of giving it a chance-you know what I mean?",annie hall
L42632,u3681,m243,ALVY,"Hey, you wouldn't believe this. Two minutes ago, the Knicks are ahead fourteen points, and now... they're ahead two points.",annie hall
L43133,u3681,m243,ALVY,"She said, ""Will it change my wife."" You heard that because you were there so I'm not crazy.",annie hall
L250679,u1169,m77,BEN,"No, I don't. But I just feel a little funny.",the graduate
L212830,u5262,m348,JACK,I don't know ...,fight club
L251266,u1169,m77,BEN,Let's not talk about it. Let's not talk at all.,the graduate
L212835,u5262,m348,JACK,"No, thanks.",fight club
L212832,u5262,m348,JACK,She didn't call Tyler. I'm neutral in her book.,fight club
L189671,u5076,m336,ERIN,"Right, I guess those are the kids --",erin brockovich
L190198,u5076,m336,ERIN,"I can't. Look -- this job -- it's the best thing that ever happened to me. I mean it. For the first time in my life, I got people respecting me. Up in Hinkley, I walk into a room and everyone shuts up just to hear what I got to say. I never had that. Ever. Don't ask me to give it up. I need it.",erin brockovich
L250687,u1169,m77,BEN,"I'm not scared, Mrs. Robinson.",the graduate
L251640,u1169,m77,BEN,Is that so? You might marry me?,the graduate
L43254,u3681,m243,ALVY,"It's all right for me, it's been terrific, you know? Better than either one of my marriages. See, 'cause... 'cause there's just something different about you. I don't know what it is, but it's great.",annie hall
L189995,u5076,m336,ERIN,That's crazy -- why not?,erin brockovich
L190317,u5076,m336,ERIN,"People don't fly down in their own god damn plane for ""just a meeting"" --",erin brockovich
L189833,u5076,m336,ERIN,"Boy, are you ever a shitty judge of people.",erin brockovich
L251248,u1169,m77,BEN,But it's not.,the graduate
L251091,u1169,m77,BEN,What novel did you read.,the graduate
L36867,u327,m20,BATEMAN,Nobody goes there anymore.,american psycho
L190457,u5076,m336,ERIN,Did he say why?,erin brockovich
L190516,u5076,m336,ERIN,Yeah. Yours is nicer.,erin brockovich
L251226,u1169,m77,BEN,"And if you think I come here for any reason besides pure boredom, then you're all wrong.",the graduate
L213335,u5262,m348,JACK,I know that I've been... unwell. I know it's been like there's two sides to me.,fight club
L189593,u5076,m336,ERIN,"Shit, yeah. I got numbers coming out of my ears. Like, for instance, ten.",erin brockovich
L189624,u5076,m336,ERIN,I'm not gonna leave my kids with you.,erin brockovich
L213452,u5262,m348,JACK,Paraffin.,fight club
L189731,u5076,m336,ERIN,Don't go telling anyone. It'll ruin my reputation.,erin brockovich
L36918,u327,m20,BATEMAN,"Listen, John, I've got to go. T Boone Pickens just walked in... Just joking... No don't tip the owner of the salon. Okay, John, right, got it. Sorry about that.",american psycho
L213273,u5262,m348,JACK,This isn't possible...,fight club
L36567,u327,m20,BATEMAN,That's not Paul Owen. Paul Owen's on the other side of the room. Over there.,american psycho
L37163,u327,m20,BATEMAN,Where to? Are you going to go get a gram?,american psycho
L213240,u5262,m348,JACK,Say my name.,fight club
L190417,u5076,m336,ERIN,And I miss you.,erin brockovich
L189935,u5076,m336,ERIN,"It sure could, yeah. Thanks a lot.",erin brockovich
L36746,u327,m20,BATEMAN,"You know, Courtney, you should take some more lithium. Or have a Diet Coke. Some caffeine might get you out of this slump.",american psycho
L212618,u5262,m348,JACK,Shatner. William Shatner.,fight club
L251395,u1169,m77,BEN,Yes.,the graduate
L37268,u327,m20,BATEMAN,"We had...gone to a new musical called...Oh Africa, Brave Africa. It was...a laugh riot...and that's about it. I think we had dinner at Orso's. No, Petaluma. No, Orso's. The...last time I physically saw him was...at an automated teller. I can't remember which...just one that was near, um, Nell's.",american psycho
L213494,u5262,m348,JACK,Look at me...,fight club
L42565,u3681,m243,ALVY,"Look, I told you it was a... mistake to ever bring a live thing in the house.",annie hall
L43367,u3681,m243,ALVY,"What's... you... well, what's the matter, You w-wanna go to that party?",annie hall
L43054,u3681,m243,ALVY,"Oh, yeah? Terrific.",annie hall
L37109,u327,m20,BATEMAN,"Dinner at the River Cafe. Au Bar afterwards, maybe.",american psycho
L251459,u1169,m77,BEN,I'm going to marry Elaine Robinson.,the graduate
L37205,u327,m20,BATEMAN,See you then.,american psycho
L212458,u5262,m348,JACK,"Uh... I'm sorry. We met on the plane. We had the same briefcase. I'm... you know, the clever guy.",fight club
L213103,u5262,m348,JACK,Wait a minute...,fight club
L251351,u1169,m77,BEN,"No, I mean -- I wouldn't want to wake anyone up.",the graduate
L250831,u1169,m77,BEN,What? Oh -- no -- I'm just --,the graduate
L42587,u3681,m243,ALVY,"All right, here! Oh, God, it's disgusting!",annie hall
L190379,u5076,m336,ERIN,The fuck I'm not. I don't care what the doctor says --,erin brockovich
L250689,u1169,m77,BEN,Because you're going to bed. I don't think I should be up here.,the graduate
L189761,u5076,m336,ERIN,Not anymore.,erin brockovich
L37270,u327,m20,BATEMAN,"Patrick, please. I hope I've been informative. Long day-a bit scattered.",american psycho
L43052,u3681,m243,ALVY,"Oh, hi, Duane, how's it goin'?",annie hall
L36702,u327,m20,BATEMAN,"Listen, if you could talk to them I would really appreciate it. I'm really late. I have a lunch appointment at Hubert's in fifteen minutes.",american psycho
L251353,u1169,m77,BEN,Wait a minute.,the graduate
L251358,u1169,m77,BEN,I'm trying to think of where there's a place to have a drink around here.,the graduate
L250670,u1169,m77,BEN,I don't remember her as having brown eyes.,the graduate
L212403,u5262,m348,JACK,Pardon me?,fight club
L212755,u5262,m348,JACK,"No. No, sir. I loved that condo. I loved every stick of furniture. The lamps, the chairs, the rugs, were me. The dishes were me. The plants were...",fight club
L190275,u5076,m336,ERIN,"Don't talk to me like I'm an idiot, okay? I may not have a law degree, but I've spent 18 months on this case, and I know more about those plaintiffs than you ever will.",erin brockovich
L43535,u3681,m243,ALVY,"Yeah, I love it there.",annie hall
L37430,u327,m20,BATEMAN,"Oh God, what did you say, you dumb bitch?",american psycho
L190047,u5076,m336,ERIN,Nothing.,erin brockovich
L212708,u5262,m348,JACK,Okay.,fight club
L250853,u1169,m77,BEN,"Yes, but I'm afraid --",the graduate
L250681,u1169,m77,BEN,I know that. But I'm --,the graduate
L251727,u1169,m77,BEN,"Look -- I'll give you ten dollars for a dime -- I'll give you twenty -- for God's sake, will you let me use that phone?",the graduate
L213429,u5262,m348,JACK,Defuse the bomb.,fight club
L42979,u3681,m243,ALVY,Really?,annie hall
L189774,u5076,m336,ERIN,Someone stole my stuff.,erin brockovich
L43654,u3681,m243,ALVY,"Yeah. I had the feeling that I got you at a bad moment. You know, I heard high-pitched squealing.",annie hall
L37074,u327,m20,BATEMAN,I know her. I knew her.,american psycho
L43466,u3681,m243,ALVY,"I'm nauseous. Oh, jesus, now I don't get to do the TV show?",annie hall
L36700,u327,m20,BATEMAN,"Well, I mean, um, it s really...Bosco. You know, like... like a Dove Bar. It's a Dove Bar...Hershey's Syrup?",american psycho
L189739,u5076,m336,ERIN,"Well, how do I find out what kind of chromium is up in Hinkley?",erin brockovich
L43263,u3681,m243,ALVY,"Hey, can yuh watch the road? Watch the --",annie hall
L251418,u1169,m77,BEN,I don't believe you.,the graduate
L37291,u327,m20,BATEMAN,"Oh, lawyers are so complicated-don't do that. Here.",american psycho
L37386,u327,m20,BATEMAN,Marcus?,american psycho
L189783,u5076,m336,ERIN,I left a message. I've been dealing with that real estate thing. I was gonna write up a whole damn report and --,erin brockovich
L251391,u1169,m77,BEN,Yes. She had a husband and a son.,the graduate
L36592,u327,m20,BATEMAN,It's definitely weak but I have a feeling if we do enough of it we'll be okay.,american psycho
L251512,u1169,m77,BEN,Oh -- no sir.,the graduate
L250607,u1169,m77,BEN,But it's light in there now.,the graduate
L43168,u3681,m243,ALVY,"Me? No, no. I-I couldn't make it that ni- My-my raccoon had hepatitis.",annie hall
L251606,u1169,m77,BEN,What for?,the graduate
L251589,u1169,m77,BEN,"Oh -- hello, Mr. McCleery.",the graduate
L36742,u327,m20,BATEMAN,Umm...yes...I know it's a little late but is it possible to reserve a table for two at eight or eight-thirty perhaps?,american psycho
L43616,u3681,m243,ALVY,"You see, I-I've been thinking about it and I think that we should get married.",annie hall
L212322,u5262,m348,JACK,I'll expose you.,fight club
L189620,u5076,m336,ERIN,Return 'em. Maybe you'll get your money back.,erin brockovich
L212637,u5262,m348,JACK,Okay... Ghandi.,fight club
L43551,u3681,m243,ALVY,I'm cool.,annie hall
L212833,u5262,m348,JACK,"This is a sweet side of you. Picking these up for ... ""Mrs. Haniver"" and... ""Mrs. Raines."" Where are they?",fight club
L36954,u327,m20,BATEMAN,Fifty-five West Eighty-First Street. The American Gardens Building.,american psycho
L189570,u5076,m336,ERIN,I was wondering -- could you tell me who I'd talk to about maybe getting an advance on my paycheck? Just -- for the weekend.,erin brockovich
L43410,u3681,m243,ALVY,Really? And what is the kick of it? Because I never...,annie hall
L190360,u5076,m336,ERIN,"If you're here to fire me, your timing's lousy.",erin brockovich
L42659,u3681,m243,ALVY,"Right, right, so g-get back to what we were discussing, the failure of the country to get behind New York City is-is anti-Semitism.",annie hall
L37327,u327,m20,BATEMAN,Come on. Don't you find Christie attractive?,american psycho
L36710,u327,m20,BATEMAN,"Oh, can't, I'm afraid. Matinée of Les Miserables. Listen, I've really got to go. I'll-Oh...Christ...I'll call you.",american psycho
L42907,u3681,m243,ALVY,"Yeah, he's the Mafia. Linen Supply Business or Cement and Contract, you know what I mean?",annie hall
L190233,u5076,m336,ERIN,What kind of things come up?,erin brockovich
L251743,u1169,m77,BEN,"You can't stop me from seeing her, Mrs. Robinson. I'll find her.",the graduate
L250870,u1169,m77,BEN,He didn't see me.,the graduate
L36675,u327,m20,BATEMAN,He's good-looking.,american psycho
L251224,u1169,m77,BEN,No sir. I am not proud that I spend my time with a broken-down alcoholic!,the graduate
L212668,u5262,m348,JACK,What the hell are you doing here?,fight club
L251522,u1169,m77,BEN,Where are you meeting this person?,the graduate
L190020,u5076,m336,ERIN,"Another raise wouldn't hurt. And with all the time I'm gonna be spending on the road, I'll probably be needing my own cel phone, won't I?",erin brockovich
L190012,u5076,m336,ERIN,Well -- I found one document at the water board that had a toxic test well reading from 1967. A hell of a lot of people have lived on that land since then.,erin brockovich
L189682,u5076,m336,ERIN,This is a real nice place you got here.,erin brockovich
L36869,u327,m20,BATEMAN,"So, wasn't Rothschild originally handling the Fisher account? How did you get it?",american psycho
L251775,u1169,m77,BEN,Hello -- who is this?,the graduate
L42561,u3681,m243,ALVY,I-I-I-I would leave out the men's- room attendant.,annie hall
L189687,u5076,m336,ERIN,Right.,erin brockovich
L42879,u3681,m243,ALVY,Hey?,annie hall
L212421,u5262,m348,JACK,"You see, when you travel, everything is small, self-contained--",fight club
L190146,u5076,m336,ERIN,"Sure you are. You're just a happier woman, cause you don't have to deal with maxi-pads and underwire.",erin brockovich
L250645,u1169,m77,BEN,I mean -- you didn't really think that I would do something like that.,the graduate
L37018,u327,m20,BATEMAN,Nothing.,american psycho
L37186,u327,m20,BATEMAN,"Well, isn't this a coincidence.",american psycho
L190520,u5076,m336,ERIN,I wasn't gonna --,erin brockovich
L251621,u1169,m77,BEN,I don't know.,the graduate
L37287,u327,m20,BATEMAN,"So, you're looking great, how have you been?",american psycho
L251164,u1169,m77,BEN,Was he a law student at the time?,the graduate
L36737,u327,m20,BATEMAN,Eight?,american psycho
L189733,u5076,m336,ERIN,There's more than one kind?,erin brockovich
L43078,u3681,m243,ALVY,"Yeah-well, I didn't start out spying. I-I thought I'd surprise yuh. Pick you up after school.",annie hall
L251470,u1169,m77,BEN,No -- they don't.,the graduate
L42741,u3681,m243,ALVY,"You're jo- Whatta yuh kid- What did you do, grow up in a Norman Rockwell painting?",annie hall
L189645,u5076,m336,ERIN,It's been a while. Maybe I'm just out of practice.,erin brockovich
L212344,u5262,m348,JACK,I think testicular cancer should be no contest.,fight club
L42690,u3681,m243,ALVY,Sure. W-w-w-which way yuh goin'?,annie hall
L251653,u1169,m77,BEN,You really will?,the graduate
L43455,u3681,m243,ALVY,"I don't know, I mean, I-",annie hall
L189511,u5076,m336,ERIN,Bullshit. You told me I'd get half a million dollars. You told me I'd be set.,erin brockovich
L213510,u5262,m348,JACK,"I did, I think. But, I'm okay... I'm fine...",fight club
L36820,u327,m20,BATEMAN,"It's cold out, too, isn't it?",american psycho
L37424,u327,m20,BATEMAN,Jean? Hello? Jean?,american psycho
L43587,u3681,m243,ALVY,"You know, I-I-I don't think many couples could handle this. You know, they could just break up and remain friends.",annie hall
L251077,u1169,m77,BEN,You're not interested in art?,the graduate
L42909,u3681,m243,ALVY,"No, I'm serious. I just got my mustache wet.",annie hall
L189809,u5076,m336,ERIN,What kind of person lives like this? Huh? What kind of person lets her kids run around in a house crawling with bugs the size of housecats?,erin brockovich
L190369,u5076,m336,ERIN,"Wait, what do you mean, ten years?",erin brockovich
L213303,u5262,m348,JACK,"Listen, something is going to happen, something terrible...",fight club
L190267,u5076,m336,ERIN,Why good?,erin brockovich
L36683,u327,m20,BATEMAN,It's not.,american psycho
L190027,u5076,m336,ERIN,"I know what you're saying, and I don't wanna hear it. I am doing the best I can.",erin brockovich
L43201,u3681,m243,ALVY,"I told you a thousand times you should always keep, uh, a lotta insect spray. You never know who's gonna crawl over.",annie hall
L189922,u5076,m336,ERIN,"Mr. Masry, Mario gets lost going to the bathroom. They'll be driving around the valley for hours.",erin brockovich
L212504,u5262,m348,JACK,What's that?,fight club
L43213,u3681,m243,ALVY,"Well, I was in be- It's three o'clock in the morning. You, uh, you got me outta bed, I ran over here, I couldn't get a taxi cab. You said it was an emergency, and I didn't ge- I ran up the stairs. Hell - I was a lot more attractive when the evening began. Look, uh, tell- Whatta you- Are you going with a right-wing rock-and- roll star? Is that possible?",annie hall
L250992,u1169,m77,BEN,INADEQUATE!,the graduate
L251059,u1169,m77,BEN,I'm not. No. But do you think we could liven it up with a few words now and then?,the graduate
L43082,u3681,m243,ALVY,What's the difference? It's all mental masturbation.,annie hall
L43180,u3681,m243,ALVY,"Yeah, were yuh? I was-I was at an Alice Cooper thing where six people were rushed to the hospital with bad vibes.",annie hall
L42743,u3681,m243,ALVY,Your grammy!,annie hall
L213465,u5262,m348,JACK,Why... why... why... ?,fight club
L42763,u3681,m243,ALVY,"Interesting poetess whose tragic suicide was misinterpreted as romantic, by the college-girl mentality.",annie hall
L213353,u5262,m348,JACK,"Do this for me, Marla. Do this for me, if you never do anything else...",fight club
L213475,u5262,m348,JACK,Why are you doing this?!,fight club
L36998,u327,m20,BATEMAN,"Well, maybe he did, huh?",american psycho
L42484,u3681,m243,ALVY,"I never read that. That was-that was Henry James, right? Novel, uh, the sequel to Turn of the Screw? My Sexual...",annie hall
L251176,u1169,m77,BEN,Well how did it happen?,the graduate
L251028,u1169,m77,BEN,Meet someone?,the graduate
L42739,u3681,m243,ALVY,Who? Grammy? Grammy Hall?,annie hall
L189691,u5076,m336,ERIN,"Yeah, I'm real sorry to hear that.",erin brockovich
L190363,u5076,m336,ERIN,"Between 50 and 400 million, definitely?",erin brockovich
L43225,u3681,m243,ALVY,"Two... Yeah. Lotta, lotta trouble. There's two of 'em.",annie hall
L212759,u5262,m348,JACK,"Except for their humping, Tyler and Marla were never in the same room.",fight club
L251066,u1169,m77,BEN,Leave it on! Now we are going to do this thing. We are going to have a conversation. Think of another topic.,the graduate
L251254,u1169,m77,BEN,Well I wouldn't. I would never say it if it wasn't true.,the graduate
L37349,u327,m20,BATEMAN,I'm fucking serious. It's fucking over. Us. This is no joke. I don't think we should see each other anymore.,american psycho
L212226,u5262,m348,JACK,"Six months ago, Bob's testicles were removed. Then hormone therapy. He developed bitch tits because his testosterone was too high and his body upped the estrogen. That was where my head fit -- into his huge, sweating tits that hung enormous, the way we think of God's as big.",fight club
L189913,u5076,m336,ERIN,At least they made an offer.,erin brockovich
L36930,u327,m20,BATEMAN,Coffee?,american psycho
L190086,u5076,m336,ERIN,"A lot. But you hang in there, maybe you'll get one.",erin brockovich
L43344,u3681,m243,ALVY,Thank you very much. It's a pleasure.,annie hall
L251158,u1169,m77,BEN,Well I never thought of you and Mr. Robinson as the kind of people who...,the graduate
L212847,u5262,m348,JACK,"Okay. Okay, I'm sure.",fight club
L42829,u3681,m243,ALVY,"No, they didn't. You have a wonderful voice.",annie hall
L37034,u327,m20,BATEMAN,I haven't seen you around here.,american psycho
L189846,u5076,m336,ERIN,Course I did.,erin brockovich
L42821,u3681,m243,ALVY,"No, so help me.",annie hall
L43227,u3681,m243,ALVY,"Yep. I didn't think it was that big, but it's a major spider. You got a broom or something with a-",annie hall
L250909,u1169,m77,BEN,"Oh. Well actually, I'd just as soon find it myself. I just have the toothbrush to carry up and I think I can manage it myself.",the graduate
L37092,u327,m20,BATEMAN,"Is that all you ever have to contribute, Van Patten? ""What about fucking dinner?""",american psycho
L251372,u1169,m77,BEN,Of course not.,the graduate
L251370,u1169,m77,BEN,"Let's get out of here, Elaine. Let's go somewhere else.",the graduate
L43166,u3681,m243,ALVY,"Man, that's great. That's just great.",annie hall
L190409,u5076,m336,ERIN,Hi. It's me. I got a favor to ask you.,erin brockovich
L42959,u3681,m243,ALVY,Just don't take any course where they make you read Beowulf.,annie hall
L213169,u5262,m348,JACK,No! Wrong! This man's name is Robert Paulson.,fight club
L212476,u5262,m348,JACK,Delivered from Martha Stewart.,fight club
L42757,u3681,m243,ALVY,"Y-y-yeah, just for fifteen years.",annie hall
L42811,u3681,m243,ALVY,"Oh, you... you're very popular, I can see.",annie hall
L42446,u3681,m243,ALVY,You wanna get coffee for two hours or something? We'll go next-,annie hall
L189776,u5076,m336,ERIN,"I had photos of my kids, plus a mug --",erin brockovich
L212651,u5262,m348,JACK,It's for men.,fight club
L190109,u5076,m336,ERIN,"Oh, they knew. They had to know.",erin brockovich
L190168,u5076,m336,ERIN,Someone's following me.,erin brockovich
L213133,u5262,m348,JACK,Where's Tyler?,fight club
L42709,u3681,m243,ALVY,"No, no thanks. Hey, don't-",annie hall
L213018,u5262,m348,JACK,I felt like destroying something beautiful.,fight club
L37078,u327,m20,BATEMAN,"Thanks, guy, but...she's got a lousy personality.",american psycho
L42616,u3681,m243,ALVY,"La-de-da. If I-if anyone had ever told me that I would be taking out a girl who used expressions like ""la- de-da""...",annie hall
L251156,u1169,m77,BEN,Oh no. You had to marry him because you got pregnant?,the graduate
L213216,u5262,m348,JACK,... You know me?,fight club
L251144,u1169,m77,BEN,I mean it doesn't sound like it could be much worse. If you hated him at least you'd hate him.,the graduate
L42643,u3681,m243,ALVY,"Jesus, last night it was some guy honking his car horn. I mean, the city can't close down. You know, what-whatta yuh gonna do, h-have 'em shut down the airport, too? No more flights so we can have sex?",annie hall
L251468,u1169,m77,BEN,No. I think you'll want to wait on that.,the graduate
L250727,u1169,m77,BEN,Right.,the graduate
L37276,u327,m20,BATEMAN,Never. I mean...I don't really like... singers.,american psycho
L212519,u5262,m348,JACK,Only a hummingbird could have caught Tyler at work.,fight club
L250745,u1169,m77,BEN,She's upstairs. She wanted me to wait down here till you got home.,the graduate
L212537,u5262,m348,JACK,Shit. Sorry. That didn't count.,fight club
L189635,u5076,m336,ERIN,Yeah. I'm probably ruining them.,erin brockovich
L36946,u327,m20,BATEMAN,You sure? I can always get you a lime.,american psycho
L213415,u5262,m348,JACK,Fuck you.,fight club
L251244,u1169,m77,BEN,What are you doing?,the graduate
L213399,u5262,m348,JACK,Stop finishing...,fight club
L37345,u327,m20,BATEMAN,We need to talk.,american psycho
L212765,u5262,m348,JACK,It suits you.,fight club
L251700,u1169,m77,BEN,Now look -- please --,the graduate
L212325,u5262,m348,JACK,Why are you doing this?,fight club
L251480,u1169,m77,BEN,No -- it's not. It's completely baked. It's a decision I've made.,the graduate
L190053,u5076,m336,ERIN,"Hey, Ross. Tell me something. Does PG&E pay you to cover their ass, or do you just do it out of the kindness of your heart?",erin brockovich
L251414,u1169,m77,BEN,Mrs. Robinson --,the graduate
L37116,u327,m20,BATEMAN,"You look marvelous. There's nothing to say. You're going to marry Luis. Next week, no Less.",american psycho
L189614,u5076,m336,ERIN,"Anna? With this real-estate valuing stuff - - could you remind me, cause I'm a little confused about how exactly we do that.",erin brockovich
L36786,u327,m20,BATEMAN,I've been great. And you?,american psycho
L189872,u5076,m336,ERIN,Ross -- you are an absolute angel.,erin brockovich
L42638,u3681,m243,ALVY,"""Why-why do you always r-reduce my animal urges to psychoanalytic categories? he said as he removed her brassiere...""",annie hall
L42749,u3681,m243,ALVY,I'll see yuh.,annie hall
L213157,u5262,m348,JACK,What... ?,fight club
L212437,u5262,m348,JACK,I had everything in that bag. My C.K. shirts... my D.K.N.Y. shoes...,fight club
L250576,u1169,m77,BEN,"Fine, thank you. The bathroom is down at the end of the hall.",the graduate
L37434,u327,m20,BATEMAN,"I don't think I'm gonna make it, Jean.",american psycho
L43107,u3681,m243,ALVY,Tsch. Rea- All this happened in the first hour?,annie hall
L36944,u327,m20,BATEMAN,Understandable. Lime?,american psycho
L190522,u5076,m336,ERIN,"Ed, I swear, I'm not --",erin brockovich
L251186,u1169,m77,BEN,Do you remember the make of the car?,the graduate
L213391,u5262,m348,JACK,You... you can't be serious about this.,fight club
L189504,u5076,m336,ERIN,"He came tearing around the corner, out of control --",erin brockovich
L43634,u3681,m243,ALVY,You mean that... I-I-I-I flew three thousand miles to see you.,annie hall
L251021,u1169,m77,BEN,"No, I do. I want to tell you.",the graduate
L212817,u5262,m348,JACK,I must've left the original in the copy machine.,fight club
L36614,u327,m20,BATEMAN,I occasionally box with Ricky at the Harvard Club. Anyone else?,american psycho
L251134,u1169,m77,BEN,So you don't love him. You wouldn't say you --,the graduate
L43453,u3681,m243,ALVY,"Oh, Jesus.",annie hall
L212688,u5262,m348,JACK,No. Not at all.,fight club
L190315,u5076,m336,ERIN,"If you tell me to relax, I'm gonna kick your fucking head off --",erin brockovich
L212647,u5262,m348,JACK,That's the idea -- we split them.,fight club
L36845,u327,m20,BATEMAN,"You reek. You reek of...shit. Do you know that? Goddammit, Al-look at me and stop crying like some kind of faggot. Al...I'm sorry.",american psycho
L212249,u5262,m348,JACK,Maybe I died already. Look at my face.,fight club
L42411,u3681,m243,ALVY,Alvy Singer. It was nice nice... Thanks very much... for everything.,annie hall
L36668,u327,m20,BATEMAN,"Well, we have to end apartheid for one. And slow down the nuclear arms race, stop terrorism and world hunger. But we can't ignore our social needs. either We have to stop people from abusing the welfare system. We have to provide food and shelter for the homeless and oppose racial discrimination and promote civil rights while also promoting equal rights for women but change the abortion laws to protect the right to life yet still somehow maintain women's freedom of choice.",american psycho
L250649,u1169,m77,BEN,"For God's sake, Mrs. Robinson, here we are, you've got me into your house. You give me a drink. You put on music, now you start opening up your personal life to me and tell me your husband won't be home for hours.",the graduate
L212772,u5262,m348,JACK,It's time for you to leave.,fight club
L251612,u1169,m77,BEN,If you want.,the graduate
L37105,u327,m20,BATEMAN,What? CARRUTHERS I'll call you.,american psycho
L42460,u3681,m243,ALVY,He's screaming his opinions in my ear.,annie hall
L37020,u327,m20,BATEMAN,The earth just opens up and swallows people.,american psycho
L189865,u5076,m336,ERIN,"Some kind of half-wit, no-good, big-haired, bimbo, I bet.",erin brockovich
L42641,u3681,m243,ALVY,Don't get upset!,annie hall
L251712,u1169,m77,BEN,Listen to me. We got -- we got into bed with each other. But it was nothing. It was nothing at all. We might -- we might just as well have been shaking hands.,the graduate
L42933,u3681,m243,ALVY,"Whatta you mean? You're not gonna give up your own apartment, are you?",annie hall
L43105,u3681,m243,ALVY,M'hm.,annie hall
L37161,u327,m20,BATEMAN,"Don't, I'll drink it.",american psycho
L213195,u5262,m348,JACK,I need to know where Tyler is. Can't you help me?,fight club
L189515,u5076,m336,ERIN,"Yeah? Well, fuck you. Sorry doesn't feed my kids.",erin brockovich
L212828,u5262,m348,JACK,What are you talking about?,fight club
L251322,u1169,m77,BEN,Could you do it?,the graduate
L251274,u1169,m77,BEN,That has nothing to do with it --,the graduate
L212478,u5262,m348,JACK,Insurance'll cover it.,fight club
L37040,u327,m20,BATEMAN,Do you take American Express?,american psycho
L250949,u1169,m77,BEN,Yes. Well -- goodnight.,the graduate
L43309,u3681,m243,ALVY,"Ah? Oh, well, your birthday's not till tomorrow, honey, I hate to tell yuh.",annie hall
L37016,u327,m20,BATEMAN,"That's so typical, isn't it?",american psycho
L213277,u5262,m348,JACK,"No! This isn't true. We... we were around other people, together, both of us...",fight club
L213459,u5262,m348,JACK,NO...,fight club
L190055,u5076,m336,ERIN,"The fuck you don't. No one calls me Pattee. That heavy-breathing sicko that called the other night could've only found out about me from you. People are dying, Ross. You got document after document here, right under your nose, that says why, and you haven't said word one about it. I wanna know how the hell you sleep at night.",erin brockovich
L250700,u1169,m77,BEN,"I know that. But please, Mrs. Robinson. This is difficult for me.",the graduate
L43189,u3681,m243,ALVY,"What's- It's me, open up.",annie hall
L36704,u327,m20,BATEMAN,"Yeah, well, oh boy, listen, I've got to go. Thank you, uh... Victoria?",american psycho
L42953,u3681,m243,ALVY,"It's-it's got bad plumbing and bugs. Jesus, I'll-My accountant will write it off as a tax deduction, I'll pay for it.",annie hall
L250929,u1169,m77,BEN,Yes -- I think that would be good.,the graduate
L190422,u5076,m336,ERIN,You know me. I pick things up real fast.,erin brockovich
L37259,u327,m20,BATEMAN,God...I guess...I was probably returning videotapes.,american psycho
L251114,u1169,m77,BEN,"We're talking, Mrs. Robinson. We're talking.",the graduate
L42452,u3681,m243,ALVY,I don't know now. You-you wanna go to another movie? So let's go see The Sorrow and the Pity.,annie hall
L251618,u1169,m77,BEN,The belt I'm looking for was from my grandmother.,the graduate
L189999,u5076,m336,ERIN,Bullshit.,erin brockovich
L37382,u327,m20,BATEMAN,But how? Where do you place Paul that night?,american psycho
L37111,u327,m20,BATEMAN,You and...Luis?,american psycho
L212492,u5262,m348,JACK,I don't follow...,fight club
L251708,u1169,m77,BEN,But why?,the graduate
L213446,u5262,m348,JACK,Can't you call it off... ?,fight club
L251201,u1169,m77,BEN,Well why is she a big taboo subject all of a sudden?,the graduate
L190170,u5076,m336,ERIN,"Some guy in a truck -- he waited till I was alone, then he followed me, like, two miles. Jesus, I'm shaking. Get me a beer.",erin brockovich
L36893,u327,m20,BATEMAN,"Yes, it is.",american psycho
L251675,u1169,m77,BEN,Who -- that guy at the Zoo?,the graduate
L250522,u1169,m77,BEN,Well --,the graduate
L250931,u1169,m77,BEN,Well -- goodbye then --,the graduate
L251537,u1169,m77,BEN,No. I just sit in. They don't seem to mind. They've been very congenial about it.,the graduate
L250594,u1169,m77,BEN,You don't?,the graduate
L37351,u327,m20,BATEMAN,I know that your friends are my friends. I've thought about that. You can have them.,american psycho
L213247,u5262,m348,JACK,"What's this all about, Tyler?",fight club
L251112,u1169,m77,BEN,We're talking.,the graduate
L212526,u5262,m348,JACK,You get the idea.,fight club
L189530,u5076,m336,ERIN,Put your napkins in your laps and eat up.,erin brockovich
L190332,u5076,m336,ERIN,Perks? Jesus -- <u>perks</u>?,erin brockovich
L43425,u3681,m243,ALVY,"Right-well, Santa Claus will have sunstroke.",annie hall
L250774,u1169,m77,BEN,I'd like to hear it.,the graduate
L190424,u5076,m336,ERIN,"Yeah, but I'm gonna get better. A lot of these folks aren't.",erin brockovich
L36633,u327,m20,BATEMAN,"I said ""Do not wear that outfit again."" Wear a dress. A skirt or something.",american psycho
L251205,u1169,m77,BEN,Well look. I have no intention of taking her out.,the graduate
L43380,u3681,m243,ALVY,"I mean... I tried everything, you know, I-I-I put on soft music and my- my red light bulb, and...",annie hall
L190165,u5076,m336,ERIN,"Boy, this job takes me to some of the best damn places, huh?",erin brockovich
L189507,u5076,m336,ERIN,Open and shut? <u>Open and fucking shut</u>?,erin brockovich
L251082,u1169,m77,BEN,No. Think of another topic. Tell me what you did today.,the graduate
L43649,u3681,m243,ALVY,"Pick up the license. You have to ask nicely 'cause I've had an extremely rough day. You know, my girl friend-",annie hall
L251526,u1169,m77,BEN,"Oh. Well, I haven't either. I might just ride out there with you.",the graduate
L250822,u1169,m77,BEN,-- and I was wondering if I could buy you a drink or something --,the graduate
L36719,u327,m20,BATEMAN,Am I confused or were we talking about tonight?,american psycho
L189879,u5076,m336,ERIN,Yeah.,erin brockovich
L43376,u3681,m243,ALVY,Hardly ever. Maybe three times a week.,annie hall
L36645,u327,m20,BATEMAN,Is your Evian spiked?,american psycho
L189851,u5076,m336,ERIN,Ten. There's a lot of other places I could work.,erin brockovich
L251710,u1169,m77,BEN,It shouldn't make any difference what happened.,the graduate
L189591,u5076,m336,ERIN,"Which number do you want, George?",erin brockovich
L213397,u5262,m348,JACK,I'm not going...,fight club
L213229,u5262,m348,JACK,"Because the answer's ""yes"" or because the answer's ""no?""",fight club
L250563,u1169,m77,BEN,"Yes, sir.",the graduate
L212427,u5262,m348,JACK,"Well, uh... great.",fight club
L42589,u3681,m243,ALVY,"So, so-well, here's what I wanna know. W-what... Am I your first big romance?",annie hall
L189785,u5076,m336,ERIN,"What am I supposed to do, check in every two seconds?",erin brockovich
L43419,u3681,m243,ALVY,It's that they don't throw their garbage away. They make it into television shows.,annie hall
L36590,u327,m20,BATEMAN,What?,american psycho
L43256,u3681,m243,ALVY,I don't know.,annie hall
L190367,u5076,m336,ERIN,So why would PG&E offer it?,erin brockovich
L42492,u3681,m243,ALVY,"Oh, do yuh?",annie hall
L190373,u5076,m336,ERIN,"Fuck legal terms. We're talking about human beings here. Sick people. A whole bunch of them are gonna be dead in ten years. They need their money now! We gotta get 'em to agree to the arbitration, Ed. We gotta get every damn one of those plaintiffs to --",erin brockovich
L212948,u5262,m348,JACK,There's fight club in Delaware City.,fight club
L212469,u5262,m348,JACK,There's always that.,fight club
L36616,u327,m20,BATEMAN,When?,american psycho
L43243,u3681,m243,ALVY,What?,annie hall
L251527,u1169,m77,BEN,Is that him over there?,the graduate
L213079,u5262,m348,JACK,You hear that?,fight club
L43640,u3681,m243,ALVY,You mean they give awards for that kind o' music?,annie hall
L250567,u1169,m77,BEN,Exactly how do you mean?,the graduate
L42462,u3681,m243,ALVY,"Key word here is ""indulgent.""",annie hall
L213266,u5262,m348,JACK,"Oh, yeah. I didn't really know my Dad...",fight club
L251169,u1169,m77,BEN,What was your major?,the graduate
L212223,u5262,m348,JACK,This was a support group for men with testicular cancer. The big moosie slobbering all over me was Bob.,fight club
L37313,u327,m20,BATEMAN,"Elizabeth, it's three in the morning.",american psycho
L189917,u5076,m336,ERIN,And you can't?,erin brockovich
L190504,u5076,m336,ERIN,"It's enough -- for whatever you need, for whatever your girls need, for whatever your girls' girls need -- it'll be enough.",erin brockovich
L250664,u1169,m77,BEN,Her portrait?,the graduate
L37223,u327,m20,BATEMAN,Do you have a boyfriend?,american psycho
L43457,u3681,m243,ALVY,"No, no-my, you know, my stomach felt queasy all morning. I just started getting...",annie hall
L251595,u1169,m77,BEN,Look -- she's all right. She's upset and she screamed. But she's okay now.,the graduate
L37173,u327,m20,BATEMAN,That's...that's too bad.,american psycho
L43115,u3681,m243,ALVY,Sinatra?,annie hall
L251184,u1169,m77,BEN,What kind of car was it?,the graduate
L250712,u1169,m77,BEN,Where is it?,the graduate
L36748,u327,m20,BATEMAN,J&B. Straight.,american psycho
L212351,u5262,m348,JACK,Okay. I'll take blood parasites and organic brain dementia --,fight club
L212334,u5262,m348,JACK,Yeah.,fight club
L36739,u327,m20,BATEMAN,"Sounds like I'll have to. Don't fall asleep, okay? Wear something fabulous. Dorsia, remember?",american psycho
L212616,u5262,m348,JACK,Doesn't matter.,fight club
L251160,u1169,m77,BEN,Wait a minute. Wait a minute. So how did it happen?,the graduate
L36735,u327,m20,BATEMAN,"The question is do you like it, Courtney? And will you blow off a fucking phone call from your sad excuse for a boyfriend to eat there tonight.",american psycho
L43390,u3681,m243,ALVY,"How can you say that? I mean, who said I-I-I-I said that you, I and that girl from your acting class should sleep together in a threesome.",annie hall
L190337,u5076,m336,ERIN,"God damn it, Matthew. What the hell are you doing out here?",erin brockovich
L212329,u5262,m348,JACK,Anyone who might've noticed either died or recovered and never came back.,fight club
L190043,u5076,m336,ERIN,"No, see -- that's exactly what those arrogant PG&E fucks want me to think -- that because they got all this money and power, we don't stand a chance in hell against them. But you know what? They're wrong.",erin brockovich
L36673,u327,m20,BATEMAN,He's rich.,american psycho
L37056,u327,m20,BATEMAN,"Actually, that's none of your business, Christie, hut I can assure you it certainly wasn't cheap.",american psycho
L37008,u327,m20,BATEMAN,Yikes! No. Paul wasn't into that. He followed a balanced diet and-,american psycho
L190202,u5076,m336,ERIN,You already packed up your stuff?,erin brockovich
L42991,u3681,m243,ALVY,"so if I get a laugh from a person who's high, it doesn't count. You know-'cause they're always laughin'.",annie hall
L251587,u1169,m77,BEN,-- suddenly there she was without any clothes on -- I mean really naked --,the graduate
L189735,u5076,m336,ERIN,"Harmful, like -- how? What would you get?",erin brockovich
L42559,u3681,m243,ALVY,Tsch.,annie hall
L212219,u5262,m348,JACK,"We have front row seats for this Theater of Mass Destruction. The Demolitions Committee of Project Mayhem wrapped the foundation columns of ten buildings with blasting gelatin. In two minutes, primary charges will blow base charges, and those buildings will be reduced to smoldering rubble. I know this because Tyler knows this.",fight club
L42470,u3681,m243,ALVY,"Hey, you... everybody in line at the New Yorker has to know our rate of intercourse?",annie hall
L251583,u1169,m77,BEN,All right -- but listen to me. What happened was there was this party at my parents. I drove your mother home -- then we went upstairs to see your portrait --,the graduate
L212553,u5262,m348,JACK,"Oh, yeah. I didn't know my dad. Well, I knew him, till I was six. He went and married another woman, had more kids. Every six years or so he'd do it again -- new city, new family.",fight club
L251063,u1169,m77,BEN,Oh my God.,the graduate
L37154,u327,m20,BATEMAN,"I m into, well, murders and executions mostly.",american psycho
L250719,u1169,m77,BEN,Come to the railing and I'll hand it up.,the graduate
L37390,u327,m20,BATEMAN,"Well, does Marcus have an alibi?",american psycho
L42777,u3681,m243,ALVY,"Yeah, it's a great story, though, I mean, I... I... it really made my day. Hey, I think I should get outta here, you know, 'cause I think I'm imposing, you know...",annie hall
L190175,u5076,m336,ERIN,"No, Ed -- what with me running for my life, I didn't have time to check those things --",erin brockovich
L189756,u5076,m336,ERIN,"I wish I knew. It's for my boss. He's fighting his water bill, and he wants me to find all manner of bills from all kinds of places. The easiest thing would probably be if I just squeezed back there with you and poked around myself. Would that be okay?",erin brockovich
L189639,u5076,m336,ERIN,Great. Another deadbeat.,erin brockovich
L251602,u1169,m77,BEN,"No, sir.",the graduate
L190239,u5076,m336,ERIN,... but it won't cover Annabelle Daniels's medical bills.,erin brockovich
L190059,u5076,m336,ERIN,"No, no jokes, I gotta pee. Just tell me about your day. What went on back there?",erin brockovich
L189883,u5076,m336,ERIN,"Right, but -- didn't you say he was paid by PG&E?",erin brockovich
L43638,u3681,m243,ALVY,The what?,annie hall
L43231,u3681,m243,ALVY,"Okay, let me have this.",annie hall
L250879,u1169,m77,BEN,I haven't. No.,the graduate
L213283,u5262,m348,JACK,You have jobs.,fight club
L251120,u1169,m77,BEN,Now. You say the driveway's on your side of the house. So I guess you don't sleep in the same room.,the graduate
L250716,u1169,m77,BEN,Well here's the purse.,the graduate
L190271,u5076,m336,ERIN,Hey -- those are my files --,erin brockovich
L43217,u3681,m243,ALVY,"Yeah, where is the spider?",annie hall
L251087,u1169,m77,BEN,Yes. But you might try and spice it up with a little originality.,the graduate
L212502,u5262,m348,JACK,Thank you.,fight club
L189750,u5076,m336,ERIN,Ross. Real pleased to meet you. I'm Erin.,erin brockovich
L251412,u1169,m77,BEN,Now it seems to me --,the graduate
L36952,u327,m20,BATEMAN,Harvard. The Harvard Business School.,american psycho
L250718,u1169,m77,BEN,Well I'll hand it to you.,the graduate
L251575,u1169,m77,BEN,Because it isn't true.,the graduate
L190497,u5076,m336,ERIN,Both.,erin brockovich
L37233,u327,m20,BATEMAN,Forget it.,american psycho
L42665,u3681,m243,ALVY,"Sun is bad for yuh. Everything our parents said was good is bad. Sun, milk, red meat, college...",annie hall
L37228,u327,m20,BATEMAN,"Jean, do you feel...fulfilled? I mean, in your life?",american psycho
L213319,u5262,m348,JACK,Marla... I need to talk to you. It's going to take a tremendous act of faith on your part for you to hear me out.,fight club
L190074,u5076,m336,ERIN,<u>No</u>.,erin brockovich
L36974,u327,m20,BATEMAN,Yeah...Yale thing.,american psycho
L212864,u5262,m348,JACK,"Really, what's that?",fight club
L250768,u1169,m77,BEN,Quite a while.,the graduate
L250656,u1169,m77,BEN,"It's not all right, it's the worst thing I've ever said to anyone.",the graduate
L250935,u1169,m77,BEN,To tell you?,the graduate
L251222,u1169,m77,BEN,"Well, I'm not.",the graduate
L213071,u5262,m348,JACK,When?,fight club
L213167,u5262,m348,JACK,"No, no. This is a man -- this man has a name...",fight club
L251211,u1169,m77,BEN,Then let's hear them.,the graduate
L250945,u1169,m77,BEN,I say I've got it.,the graduate
L190241,u5076,m336,ERIN,Do you think we'd do better by going to trial?,erin brockovich
L36879,u327,m20,BATEMAN,"Paul, give me your Amex card. Good boy. Bateman slaps the card down, looks at the check.",american psycho
L189602,u5076,m336,ERIN,Give her a cold washcloth to suck on -- I gotta go -- there's a clean one in that bag -- I'll check back in a bit. Sorry. My kid --,erin brockovich
L189523,u5076,m336,ERIN,You're moving away? When?,erin brockovich
L213057,u5262,m348,JACK,Fuck my life. Fuck fight club. Fuck you and fuck Marla. I'm sick of this. How's that?,fight club
L213177,u5262,m348,JACK,No!,fight club
L251065,u1169,m77,BEN,Mrs. Robinson. If that's the best we can do let's just get the goddamn clothes off and --,the graduate
L250675,u1169,m77,BEN,"Oh. Well, goodnight.",the graduate
L37036,u327,m20,BATEMAN,Would you like to see my apartment?,american psycho
L189604,u5076,m336,ERIN,Out to lunch with the girls.,erin brockovich
L251173,u1169,m77,BEN,Art?,the graduate
L251096,u1169,m77,BEN,Your husband! Mrs. Robinson! There's something we could have a conversation about.,the graduate
L43074,u3681,m243,ALVY,Following is different. I was spying.,annie hall
L212666,u5262,m348,JACK,What are you doing here?,fight club
L43237,u3681,m243,ALVY,Whatta-whatta yuh joining a minstrel show? Geez. Don't worry! I did it! I killed them both. What- what's the matter? Whatta you- whatta you sad about? You- What'd you want me to do? Capture 'em and rehabilitate 'em?,annie hall
L213427,u5262,m348,JACK,Tyler...,fight club
L212336,u5262,m348,JACK,It becomes an addiction.,fight club
L212225,u5262,m348,JACK,Yes. We're men. Men is what we are.,fight club
L42883,u3681,m243,ALVY,"Yeah, 'cause I-I'm, you know, I'm, I'm obsessed with-with, uh, with death, I think. Big-",annie hall
L212734,u5262,m348,JACK,Yes?,fight club
L212332,u5262,m348,JACK,"I... I don't know. I guess... when people think you're dying, they really listen, instead...",fight club
L42718,u3681,m243,ALVY,"Do I drive? Uh, no, I gotta-I gotta problem with driving.",annie hall
L37189,u327,m20,BATEMAN,Let's not think about what I want. How about anywhere you want.,american psycho
L251313,u1169,m77,BEN,"If it's all right with you, I'm not hungry.",the graduate
L189673,u5076,m336,ERIN,"Their parents, I'm pretty sure.",erin brockovich
L43539,u3681,m243,ALVY,I'm into garbage. It's my thing.,annie hall
L189561,u5076,m336,ERIN,"I'm <u>not</u> everyone else, Mr. Masry. I'm someone you made promises to that you didn't deliver on. I trusted you. With my kids' well-being. Now, I'm smart, and I'm hard- working, and I'll do anything. But if you think I'm leaving here without a job, you got another thing coming.",erin brockovich
L36801,u327,m20,BATEMAN,New card. What do you think?,american psycho
L189881,u5076,m336,ERIN,I know. But the toxicologist I been talking to? He gave me a list of problems that can come from hexavalent chromium exposure. And everything you all have is on that list.,erin brockovich
L251327,u1169,m77,BEN,I'm sorry I took you in there.,the graduate
L43111,u3681,m243,ALVY,You cried? I've never once cried. Fantastic...,annie hall
L36843,u327,m20,BATEMAN,"Do ,you know how bad you smell? The stench, my God.",american psycho
L42618,u3681,m243,ALVY,"Well, no... not just, not only.",annie hall
L212407,u5262,m348,JACK,"No, supply oxygen?",fight club
L212576,u5262,m348,JACK,What are you reading?,fight club
L37266,u327,m20,BATEMAN,"Well, I could he wrong.",american psycho
L36656,u327,m20,BATEMAN,Hi. Pat Bateman.,american psycho
L213235,u5262,m348,JACK,Answer the question!,fight club
L213040,u5262,m348,JACK,What are you doing?!,fight club
L190112,u5076,m336,ERIN,"Jesus Christ, Ed -- you know, the more I work on this thing, the more I realize what a crock of shit this legal system is. Here we got a company that poisoned a whole aquifer -- that built a pool for a town, then filled it with toxic water -- and <u>we're</u> the ones who've gotta bust our ass proving things? That's just not right.",erin brockovich
L212463,u5262,m348,JACK,"You buy furniture. You tell yourself: this is the last sofa I'll ever need. No matter what else happens, I've got the sofa issue handled. Then, the right set of dishes. The right dinette.",fight club
L43009,u3681,m243,ALVY,You're so sure about it.,annie hall
L42417,u3681,m243,ALVY,"Gimme a break, will yuh, gimme a break. Jesus Christ!",annie hall
L213053,u5262,m348,JACK,I don't know! Nothing!,fight club
L212768,u5262,m348,JACK,You get rid of her.,fight club
L43402,u3681,m243,ALVY,"...I'm thrilled. As you know, uh... uh, on my agent's advice I sold out, and I'm gonna do an appearance on TV.",annie hall
L251165,u1169,m77,BEN,And you were a student also.,the graduate
L42745,u3681,m243,ALVY,"Jesus, my-my grammy... n-never gave gifts, you know. She-she was too busy getting raped by Cossacks.",annie hall
L37410,u327,m20,BATEMAN,Doesn't he live here?,american psycho
L189737,u5076,m336,ERIN,So that stuff -- it kills people.,erin brockovich
L213160,u5262,m348,JACK,Get your hands off him! Get off...! What the hell do you think you're doing... ? Evidence?! This is a man... ! You killed him!,fight club
L250763,u1169,m77,BEN,I know.,the graduate
L189660,u5076,m336,ERIN,Dr. Paulsen?,erin brockovich
L212557,u5262,m348,JACK,Same here.,fight club
L250786,u1169,m77,BEN,Oh yes.,the graduate
L189926,u5076,m336,ERIN,"I'm a slow reader, on account of the fact that I look at the word ""dog"" and see ""god"".",erin brockovich
L36612,u327,m20,BATEMAN,Aerobics class. Sorry. Any messages?,american psycho
L43092,u3681,m243,ALVY,"Well, listen, that's, a nice bi-it's a biblical name. Right? W-What does he call you? Bathsheba?",annie hall
L190057,u5076,m336,ERIN,"I'm so tired I'm about to drive off the road. Keep me awake, willya?",erin brockovich
L43131,u3681,m243,ALVY,"You said, ""Will it change..."" Wife. Will it change...",annie hall
L190514,u5076,m336,ERIN,Careful you don't spit from here; you could kill someone.,erin brockovich
L251543,u1169,m77,BEN,I've got a real feeling that this is the fellow.,the graduate
L43215,u3681,m243,ALVY,"Hey, what am I-your son? Whatta you mean? I-I came over to --",annie hall
L190039,u5076,m336,ERIN,"I'm not gonna quit cause of one creepy phone call, George.",erin brockovich
L36733,u327,m20,BATEMAN,Nice?,american psycho
L190500,u5076,m336,ERIN,And he's making them give five million of it to you all.,erin brockovich
L36695,u327,m20,BATEMAN,Hello,american psycho
L190065,u5076,m336,ERIN,She lived on the plume. You never know.,erin brockovich
L213477,u5262,m348,JACK,"Please understand... I've gotten all I can from this, Tyler.",fight club
L251101,u1169,m77,BEN,How do you get out of the house?,the graduate
L43503,u3681,m243,ALVY,I'll handle it. I'll handle it. Hi.,annie hall
L43630,u3681,m243,ALVY,"No. Yes, of course I'm mad, because you love me, I know that.",annie hall
L43324,u3681,m243,ALVY,"Yeah, I know. Just-just put on the watch, and-and... that thing, and we'll just...",annie hall
L212544,u5262,m348,JACK,Call what off?,fight club
L250893,u1169,m77,BEN,"A single. Just for myself, please.",the graduate
L212218,u5262,m348,JACK,"That old saying, how you always hurt the one you love, well, it works both way.",fight club
L212527,u5262,m348,JACK,I don't know about this.,fight club
L213201,u5262,m348,JACK,You are a moron.,fight club
L190432,u5076,m336,ERIN,What time is it?,erin brockovich
L250826,u1169,m77,BEN,No. Now I know it's pretty late and if you'd rather --,the graduate
L43573,u3681,m243,ALVY,This is the first book that I got you.,annie hall
L37199,u327,m20,BATEMAN,"Yes, can you take two tonight, oh, let's say at nine o'clock?",american psycho
L190051,u5076,m336,ERIN,Keep your voice down.,erin brockovich
L213492,u5262,m348,JACK,Appreciate something.,fight club
L43642,u3681,m243,ALVY,I thought just earplugs.,annie hall
L212801,u5262,m348,JACK,"No, I'm not...",fight club
L190485,u5076,m336,ERIN,Say you shortchanged me and you shortchanged yourself.,erin brockovich
L250947,u1169,m77,BEN,The toothbrush. I got it all right.,the graduate
L251047,u1169,m77,BEN,But I want you to. Please. Please will you believe me.,the graduate
L42753,u3681,m243,ALVY,"No, I got time.",annie hall
L251718,u1169,m77,BEN,HUH?,the graduate
L190010,u5076,m336,ERIN,Four more. Eleven people. So far.,erin brockovich
L43178,u3681,m243,ALVY,I can't get with any religion that advertises in Popular Mechanics. Look- there's God coming outta the men's room.,annie hall
L212349,u5262,m348,JACK,You can't have both parasites. You can take blood parasites --,fight club
L189748,u5076,m336,ERIN,Thank you very much. Aren't you a gentleman? Mr...,erin brockovich
L42837,u3681,m243,ALVY,"Hey, listen, listen.",annie hall
L37231,u327,m20,BATEMAN,"Did you know that Ted Bundy's first dog, a collie, was named Lassie? Had you heard this?",american psycho
L42486,u3681,m243,ALVY,What I wouldn't give for a large sock o' horse manure.,annie hall
L213249,u5262,m348,JACK,Why do people think I'm you?,fight club
L212779,u5262,m348,JACK,What is this place?,fight club
L42540,u3681,m243,ALVY,Yeah? Allison what?,annie hall
L43327,u3681,m243,ALVY,"You were-you were sensational. I mean, I-you know, I-I told yuh that if yuh stuck to it, you would be great, and-and, you know, I-I-you- you were sensational.",annie hall
